year,conference,Rk,School,G,W,L,W%,,ORtg,DRtg,NRtg,FG,FGA,FG%,3P,3PA,3P%,eFG%,FT,FTA,FT%,ORB,TRB,AST,STL,BLK,TOV,PF,PTS,SRS,SOS,Pace
2015,Big 12,1,Kansas,36,5,6,0.75,,106.3,96.8,9.5,24.1,54.9,0.44,5.9,15.6,0.379,0.494,16.9,23.4,0.724,11.8,37.9,13.2,6.6,4.9,12.9,17.8,64.8,18.47,12.13,66.7
2015,Big 12,2,Iowa State,34,6,5,0.735,,111.4,98.8,12.6,27.6,58.0,0.476,7.7,21.4,0.362,0.543,14.8,21.2,0.696,9.5,35.9,16.1,6.4,3.9,11.0,15.5,69.0,17.94,9.15,69.8
2015,Big 12,3,Oklahoma,35,5,6,0.686,,105.2,92.4,12.8,25.3,58.1,0.435,6.7,19.7,0.343,0.493,14.1,19.1,0.741,11.1,38.1,12.3,6.8,5.0,12.0,16.3,62.7,18.65,9.94,67.4
2015,Big 12,4,Baylor,34,6,5,0.706,,109.2,95.2,14.0,23.9,55.1,0.434,6.9,18.4,0.377,0.497,14.3,21.3,0.674,14.6,39.2,14.6,7.7,3.9,12.8,16.6,60.2,17.85,9.33,62.8
2015,Big 12,5,West Virginia,35,5,5,0.714,,104.9,96.5,8.4,24.9,61.1,0.408,6.5,20.5,0.316,0.461,16.3,24.7,0.662,16.4,36.3,14.1,10.7,2.7,12.9,23.5,66.8,15.12,9.29,68.7
2015,Big 12,6,Kansas State,32,1,10,0.469,,99.5,100.8,-1.3,21.6,49.8,0.433,4.4,13.2,0.335,0.477,15.5,22.9,0.676,10.6,31.7,13.0,6.1,2.3,13.3,20.0,63.8,8.48,9.29,63.1
2015,Big 12,7,Oklahoma State,32,3,8,0.563,,103.6,96.5,7.1,22.9,52.1,0.44,7.1,20.2,0.349,0.507,14.6,20.2,0.726,9.0,32.5,11.4,7.9,4.9,12.3,19.2,62.8,12.95,9.63,64.6
2015,Big 12,8,Texas,34,4,7,0.588,,105.9,94.7,11.1,23.4,54.0,0.433,6.2,18.4,0.339,0.491,14.3,19.7,0.724,12.4,39.7,13.0,3.8,7.8,12.8,16.3,60.3,16.16,9.07,62.9
2015,Big 12,9,TCU,33,2,8,0.545,,104.6,95.7,8.9,24.0,54.8,0.437,4.5,13.9,0.327,0.479,15.7,25.5,0.615,13.5,36.8,13.2,6.3,5.3,12.0,20.6,62.4,11.1,5.32,64.7
2015,Big 12,10,Texas Tech,32,0,10,0.406,,95.9,101.3,-5.4,20.4,50.3,0.405,5.3,16.4,0.323,0.457,14.9,23.2,0.642,11.7,33.5,11.1,5.8,4.1,13.8,17.4,64.3,3.77,7.2,63.0
2016,Big 12,1,Kansas,38,7,3,0.868,,115.1,95.7,19.3,28.7,58.1,0.495,8.0,19.2,0.418,0.564,15.8,22.2,0.713,10.6,38.0,15.9,6.7,4.2,12.6,18.9,67.6,23.87,11.22,69.7
2016,Big 12,2,West Virginia,35,7,4,0.743,,110.3,93.7,16.6,26.9,60.1,0.449,6.0,18.4,0.325,0.498,18.7,27.8,0.673,15.9,39.4,14.6,9.8,2.7,14.2,23.4,66.7,21.61,9.78,70.7
2016,Big 12,3,Oklahoma,37,7,5,0.784,,111.0,99.0,12.0,27.5,60.1,0.458,10.3,24.5,0.422,0.543,14.3,19.8,0.722,11.0,38.3,14.5,6.7,5.1,13.1,17.0,71.1,19.76,11.14,71.0
2016,Big 12,4,Texas,33,5,5,0.606,,106.1,101.5,4.6,24.7,57.1,0.432,7.0,20.6,0.341,0.494,15.0,22.5,0.666,11.0,34.5,11.4,5.1,4.4,10.3,20.8,68.3,14.8,11.71,66.8
2016,Big 12,5,Baylor,34,6,5,0.647,,112.8,101.8,11.0,27.4,58.9,0.466,6.2,16.8,0.367,0.518,16.0,22.1,0.725,13.7,37.3,17.7,7.9,4.0,12.7,19.4,69.6,16.13,9.76,67.6
2016,Big 12,6,Iowa State,35,4,7,0.657,,113.1,103.7,9.4,31.1,61.7,0.503,8.4,21.7,0.387,0.571,11.3,16.1,0.702,8.7,35.5,16.5,6.2,4.1,11.4,15.5,75.0,16.93,10.16,71.5
2016,Big 12,7,Texas Tech,32,3,7,0.594,,106.7,103.5,3.2,24.5,54.8,0.448,5.8,16.7,0.346,0.5,17.2,23.2,0.742,10.2,33.9,13.1,5.9,4.2,12.0,18.4,69.9,12.41,10.25,66.7
2016,Big 12,8,Kansas State,33,2,9,0.515,,102.9,99.2,3.7,24.4,56.8,0.429,5.3,17.7,0.3,0.476,16.6,24.2,0.688,13.2,36.5,13.9,7.5,2.8,13.9,20.0,68.2,12.31,9.79,67.5
2016,Big 12,9,Oklahoma State,32,1,9,0.375,,101.1,102.1,-1.0,22.6,53.4,0.423,6.4,19.5,0.328,0.483,14.9,20.4,0.729,9.7,34.7,12.2,5.6,4.1,12.6,19.9,67.1,8.18,8.81,65.0
2016,Big 12,10,TCU,33,1,10,0.364,,95.7,102.2,-6.5,22.2,54.8,0.406,5.7,16.9,0.335,0.457,16.8,25.0,0.671,10.8,33.7,11.6,6.5,3.8,14.5,20.5,71.5,4.07,8.62,70.0
2017,Big 12,1,Kansas,36,10,1,0.861,,115.4,99.7,15.7,29.8,60.9,0.488,8.8,21.9,0.404,0.561,14.9,21.9,0.678,11.9,38.7,16.2,6.9,4.5,12.7,17.8,71.9,23.53,12.23,71.4
2017,Big 12,2,Baylor,35,6,4,0.771,,111.5,97.5,14.1,26.3,55.9,0.471,6.6,18.3,0.359,0.53,13.7,18.9,0.723,12.9,38.0,15.5,5.1,4.7,13.4,17.6,63.7,19.75,11.87,65.3
2017,Big 12,3,Iowa State,35,5,6,0.686,,112.5,100.6,11.9,29.5,62.5,0.472,9.8,24.6,0.4,0.55,12.1,17.3,0.7,9.1,34.8,15.8,7.8,3.5,10.1,15.9,72.3,20.51,11.94,70.6
2017,Big 12,4,West Virginia,37,6,4,0.757,,112.2,91.8,20.4,28.6,63.1,0.454,7.4,20.5,0.362,0.513,16.8,24.5,0.685,14.4,37.5,16.4,10.0,4.8,12.3,20.4,66.7,24.45,9.67,71.4
2017,Big 12,5,Oklahoma State,33,7,5,0.606,,117.8,107.9,10.0,29.0,62.1,0.467,8.9,22.2,0.402,0.539,18.8,23.8,0.789,13.8,36.8,14.7,7.6,3.0,13.1,22.1,78.5,19.19,12.22,72.7
2017,Big 12,6,Kansas State,35,5,6,0.6,,106.4,100.0,6.4,24.8,53.8,0.461,7.1,19.5,0.362,0.527,15.4,22.1,0.694,9.4,32.3,14.9,7.7,3.7,12.9,18.0,67.8,14.8,10.48,67.5
2017,Big 12,7,TCU,39,4,8,0.615,,108.8,101.5,7.3,27.3,58.6,0.466,7.2,20.3,0.354,0.527,13.0,18.9,0.686,11.6,36.0,16.9,6.6,4.5,12.9,17.3,69.7,15.64,10.95,68.3
2017,Big 12,8,Texas Tech,32,1,9,0.563,,109.6,100.2,9.3,26.1,55.5,0.47,6.6,18.0,0.367,0.53,14.5,19.8,0.733,9.3,32.8,13.3,5.3,3.1,11.1,17.6,67.1,14.11,7.86,65.9
2017,Big 12,9,Oklahoma,31,1,9,0.355,,100.6,102.3,-1.6,25.4,60.1,0.423,6.2,18.0,0.344,0.475,15.9,22.1,0.721,11.6,37.8,10.6,6.9,4.7,13.8,19.4,74.2,11.42,12.62,71.1
2017,Big 12,10,Texas,33,0,11,0.333,,97.9,100.5,-2.6,24.5,55.9,0.439,5.5,18.8,0.292,0.488,12.5,19.3,0.65,9.8,34.3,11.4,5.8,4.5,13.4,17.8,68.9,10.99,12.75,68.5
2018,Big 12,1,Kansas,39,8,3,0.795,,115.5,102.0,13.5,29.9,60.7,0.492,10.0,25.0,0.401,0.575,11.6,16.4,0.708,9.8,35.6,16.6,6.5,4.1,11.7,15.3,71.9,21.39,11.88,70.2
2018,Big 12,2,Texas Tech,37,4,6,0.73,,108.4,94.2,14.2,26.1,56.6,0.46,6.8,19.0,0.359,0.52,15.6,22.2,0.704,11.0,36.0,14.3,7.1,4.3,12.3,18.1,64.8,19.38,9.6,68.3
2018,Big 12,3,West Virginia,37,5,5,0.703,,113.2,98.3,14.9,28.0,64.2,0.436,8.7,24.6,0.353,0.504,15.4,20.1,0.766,14.1,37.9,15.2,8.1,5.2,11.4,21.6,69.6,19.89,9.38,70.5
2018,Big 12,4,Kansas State,37,6,5,0.676,,106.4,100.3,6.2,25.3,54.7,0.463,6.9,20.1,0.341,0.525,13.6,18.5,0.734,8.2,30.7,13.8,7.9,3.0,11.4,18.5,67.0,12.85,8.74,66.6
2018,Big 12,5,TCU,33,3,7,0.636,,115.1,105.7,9.4,29.7,59.8,0.496,8.3,21.0,0.395,0.566,14.4,20.4,0.706,11.2,36.4,18.6,6.5,3.6,12.7,16.8,75.4,16.38,9.68,70.0
2018,Big 12,6,Baylor,34,2,9,0.559,,109.1,100.5,8.6,27.7,59.0,0.469,6.4,17.9,0.357,0.523,13.8,18.8,0.734,11.8,38.0,15.2,5.4,4.5,13.6,17.9,69.7,14.6,9.17,68.5
2018,Big 12,7,Oklahoma,32,2,9,0.563,,109.8,105.6,4.2,29.8,64.5,0.462,9.4,26.1,0.359,0.535,15.9,21.4,0.746,10.6,38.4,15.0,6.5,4.7,13.4,17.2,81.7,13.81,10.56,76.5
2018,Big 12,8,Oklahoma State,36,3,7,0.583,,107.4,102.7,4.7,26.6,61.8,0.431,8.2,23.6,0.348,0.498,15.1,19.9,0.757,12.9,37.4,14.3,6.6,4.0,12.9,19.2,73.3,12.45,9.12,70.8
2018,Big 12,9,Texas,34,3,7,0.559,,103.9,99.2,4.8,25.9,59.1,0.439,7.2,22.5,0.32,0.5,13.0,19.5,0.665,10.6,35.8,11.6,6.1,4.9,11.7,16.1,68.8,13.96,10.67,66.9
2018,Big 12,10,Iowa State,31,0,10,0.419,,103.9,107.6,-3.7,26.4,60.3,0.437,7.5,21.1,0.358,0.499,12.6,18.0,0.7,10.9,36.6,13.6,4.8,4.2,11.9,16.4,75.5,6.88,9.49,69.6
2019,Big 12,1,Kansas State,34,7,5,0.735,,101.3,91.7,9.6,23.7,55.2,0.429,7.1,21.2,0.334,0.493,11.3,16.9,0.667,9.6,33.4,13.6,7.5,2.2,11.3,16.2,59.6,15.39,9.18,64.9
2019,Big 12,2,Texas Tech,38,6,3,0.816,,106.9,87.4,19.5,26.1,55.5,0.469,7.3,20.0,0.365,0.535,13.4,18.3,0.732,8.3,34.1,13.6,7.3,4.9,12.0,17.4,59.5,22.79,9.53,67.6
2019,Big 12,3,Kansas,36,3,8,0.722,,106.5,98.7,7.8,27.5,59.1,0.465,7.2,20.6,0.35,0.526,13.5,19.2,0.705,10.4,38.2,13.3,6.8,3.9,13.1,16.9,70.1,18.35,12.79,70.3
2019,Big 12,4,Baylor,34,5,6,0.588,,107.6,101.4,6.2,25.6,57.8,0.442,8.1,23.6,0.341,0.512,12.6,18.7,0.677,13.2,37.7,13.9,6.1,4.7,13.1,18.7,67.7,13.38,9.26,66.5
2019,Big 12,5,Iowa State,35,5,6,0.657,,112.7,99.9,12.9,27.8,58.5,0.476,8.4,23.2,0.363,0.548,12.9,17.6,0.732,9.3,35.1,15.1,7.1,4.6,10.8,14.8,68.1,18.07,9.3,68.2
2019,Big 12,6,Texas,37,2,8,0.568,,105.9,99.0,6.8,25.1,58.0,0.433,8.8,25.2,0.348,0.509,12.0,17.2,0.699,9.7,34.2,13.1,6.1,4.1,10.8,16.9,66.4,16.06,11.46,66.4
2019,Big 12,7,Oklahoma,34,5,7,0.588,,102.4,98.0,4.4,26.0,58.1,0.447,6.6,19.2,0.346,0.504,12.7,18.2,0.697,9.0,37.1,12.6,6.0,3.0,11.8,15.5,68.2,15.3,12.21,69.3
2019,Big 12,8,TCU,37,3,7,0.622,,104.9,98.9,6.0,26.8,58.6,0.457,7.6,22.0,0.346,0.521,12.7,18.6,0.682,10.7,36.4,16.2,6.9,4.4,13.5,15.8,69.6,13.81,9.6,69.4
2019,Big 12,9,Oklahoma State,32,2,10,0.375,,101.0,106.1,-5.1,23.8,56.1,0.423,8.8,23.5,0.372,0.501,11.8,17.2,0.689,9.2,34.2,13.2,5.7,4.3,12.1,16.1,71.5,8.09,11.53,67.1
2019,Big 12,10,West Virginia,36,0,10,0.417,,101.5,106.5,-5.0,25.0,60.6,0.413,7.5,23.7,0.316,0.475,16.2,23.6,0.688,14.4,39.6,13.6,6.2,3.5,15.5,19.6,77.4,6.94,10.57,71.7
2021,Big 12,1,Baylor,30,7,1,0.933,,118.6,93.7,24.9,30.6,62.9,0.486,10.0,24.1,0.413,0.565,11.8,16.7,0.708,12.5,36.0,16.9,8.9,3.7,11.5,17.1,65.5,24.83,7.4,69.6
2021,Big 12,2,Kansas,30,4,6,0.7,,104.3,95.7,8.6,26.3,60.3,0.436,7.6,22.1,0.342,0.499,12.9,18.0,0.716,11.1,37.5,13.8,6.9,4.0,12.0,15.3,67.0,15.29,10.26,69.7
2021,Big 12,3,Oklahoma State,30,8,4,0.7,,102.7,97.5,5.2,27.2,59.3,0.458,6.3,19.1,0.332,0.512,15.8,22.3,0.71,11.1,38.3,12.8,7.5,4.4,15.6,17.2,72.7,13.65,9.78,73.0
2021,Big 12,4,Texas,27,6,2,0.704,,105.5,96.8,8.7,26.0,57.3,0.454,8.6,24.1,0.356,0.529,13.8,19.4,0.71,10.8,38.4,13.2,6.5,4.1,14.6,19.7,68.2,15.51,9.36,69.5
2021,Big 12,5,West Virginia,29,7,2,0.655,,108.2,100.8,7.4,26.5,61.8,0.429,7.4,20.4,0.364,0.489,16.9,23.4,0.719,13.4,37.8,14.0,7.6,2.8,12.0,16.3,72.0,15.36,10.05,70.6
2021,Big 12,6,Oklahoma,27,4,7,0.593,,106.2,99.6,6.7,26.7,60.4,0.443,7.9,23.0,0.341,0.508,13.2,17.7,0.745,9.6,35.7,13.3,7.1,3.6,11.0,14.7,69.9,13.52,8.86,69.2
2021,Big 12,7,Texas Tech,29,5,4,0.621,,107.1,93.4,13.8,25.3,57.7,0.439,6.4,18.0,0.354,0.494,15.5,21.9,0.71,11.5,35.0,13.0,7.1,4.0,10.8,17.3,63.2,16.59,7.28,67.1
2021,Big 12,8,TCU,26,3,6,0.462,,98.4,104.9,-6.5,24.0,54.9,0.438,6.7,19.9,0.338,0.499,12.0,17.8,0.672,9.8,34.6,13.0,6.0,3.5,14.2,15.7,71.2,2.61,6.99,67.6
2021,Big 12,9,Kansas State,29,2,7,0.31,,92.9,105.6,-12.7,22.4,54.4,0.412,6.6,22.2,0.296,0.472,10.4,15.7,0.664,10.2,32.9,13.0,5.6,1.5,14.9,17.0,70.2,0.76,9.04,66.5
2021,Big 12,10,Iowa State,24,0,11,0.083,,93.0,108.8,-15.8,24.6,58.9,0.418,7.3,22.8,0.321,0.48,9.0,11.5,0.783,8.6,31.6,11.6,6.5,3.1,14.9,18.6,76.7,-0.72,10.4,70.5
2022,Big 12,1,Baylor,34,8,3,0.794,,111.5,92.7,18.8,28.3,61.3,0.462,8.1,23.5,0.343,0.528,12.4,17.8,0.697,12.9,37.2,15.9,8.8,3.4,12.4,16.1,64.1,21.73,8.76,68.6
2022,Big 12,2,Kansas,40,6,4,0.85,,111.5,95.8,15.6,28.6,59.8,0.478,7.2,19.8,0.361,0.538,13.9,19.4,0.717,11.0,37.9,15.3,6.3,4.3,12.1,15.9,67.3,22.28,11.3,69.5
2022,Big 12,3,Texas Tech,37,3,7,0.73,,106.0,89.2,16.8,26.2,55.5,0.472,6.1,18.9,0.321,0.526,13.6,19.5,0.698,10.6,36.4,13.7,8.0,3.5,13.5,16.2,60.6,20.08,8.65,67.3
2022,Big 12,4,Texas,34,4,7,0.647,,105.9,93.4,12.5,24.5,55.5,0.441,6.6,20.0,0.33,0.501,13.2,17.7,0.746,10.4,33.3,13.2,7.7,3.4,11.6,17.9,60.6,17.01,8.87,64.5
2022,Big 12,5,Oklahoma State,30,3,8,0.5,,96.9,93.1,3.8,25.1,57.9,0.434,5.4,18.2,0.295,0.48,12.7,19.1,0.667,11.6,37.1,12.7,8.5,5.4,15.1,17.4,65.7,13.28,10.58,68.8
2022,Big 12,6,TCU,34,4,6,0.618,,101.1,95.8,5.3,25.4,57.7,0.439,5.5,18.3,0.302,0.487,12.2,18.1,0.674,13.0,39.0,13.6,6.4,4.1,14.5,15.5,64.9,13.72,10.16,67.2
2022,Big 12,7,Iowa State,35,4,6,0.629,,96.9,92.4,4.5,24.3,56.3,0.431,6.7,21.2,0.315,0.491,10.4,15.2,0.683,9.6,32.4,14.7,8.5,3.1,13.8,18.3,62.5,12.38,9.33,67.2
2022,Big 12,8,Oklahoma,35,3,8,0.543,,103.0,97.0,6.0,25.3,53.1,0.476,7.6,21.9,0.347,0.548,10.9,14.6,0.747,7.7,31.8,14.0,7.4,1.9,14.7,15.5,65.0,14.12,10.1,66.1
2022,Big 12,9,Kansas State,31,5,7,0.452,,101.5,99.2,2.3,24.1,57.4,0.42,8.4,24.3,0.346,0.494,12.3,17.0,0.726,8.9,33.2,12.5,7.3,1.6,11.5,17.1,67.5,10.61,9.06,67.4
2022,Big 12,10,West Virginia,33,1,10,0.485,,99.9,100.7,-0.8,23.6,57.1,0.413,6.3,19.2,0.328,0.468,14.9,20.6,0.724,10.8,32.2,10.5,7.8,4.5,12.4,17.4,69.0,10.23,10.74,68.5
2023,Big 12,1,Kansas,36,7,4,0.778,,106.8,96.3,10.4,27.8,59.5,0.468,7.0,20.1,0.347,0.526,12.8,17.8,0.72,9.8,35.9,16.4,8.8,3.9,12.3,16.6,68.1,19.2,11.84,70.2
2023,Big 12,2,Texas,38,4,6,0.763,,110.1,95.8,14.3,28.5,60.2,0.473,7.2,20.8,0.347,0.533,13.8,18.4,0.748,9.6,34.1,16.2,7.9,3.6,11.6,17.4,67.8,20.56,10.43,70.1
2023,Big 12,3,Baylor,34,5,5,0.676,,113.3,103.3,9.9,25.9,57.6,0.45,9.5,25.8,0.368,0.532,15.8,21.2,0.744,11.5,34.0,14.2,6.6,2.4,12.1,17.4,70.3,17.3,10.54,67.8
2023,Big 12,4,Kansas State,36,4,7,0.722,,106.2,97.4,8.8,26.7,57.9,0.461,7.2,20.9,0.343,0.523,15.6,20.9,0.748,9.9,34.6,17.0,8.0,2.8,13.8,17.9,69.9,15.79,9.48,70.5
2023,Big 12,5,Iowa State,33,3,8,0.576,,102.2,94.6,7.5,25.3,57.0,0.443,6.4,19.3,0.331,0.499,10.7,15.9,0.67,11.5,33.7,13.8,8.8,2.9,12.9,19.2,62.6,15.36,10.39,65.7
2023,Big 12,6,TCU,35,3,7,0.629,,105.8,96.2,9.6,27.6,60.8,0.453,5.6,18.2,0.31,0.5,14.5,20.7,0.699,11.5,35.8,16.1,8.0,4.7,11.9,16.5,68.4,15.61,8.78,70.9
2023,Big 12,7,Oklahoma State,36,5,7,0.556,,99.7,96.1,3.6,24.3,56.8,0.428,6.9,22.1,0.31,0.488,12.8,18.4,0.694,11.4,37.4,12.6,5.7,4.8,14.1,17.0,65.8,12.62,10.18,68.0
2023,Big 12,8,West Virginia,34,3,8,0.559,,108.8,101.5,7.2,25.9,57.4,0.452,7.3,20.8,0.35,0.515,16.8,22.6,0.743,11.3,33.9,13.0,6.7,3.1,12.9,18.6,70.9,15.95,10.89,69.6
2023,Big 12,9,Oklahoma,32,2,8,0.469,,101.1,100.9,0.2,24.4,53.3,0.458,7.0,19.9,0.351,0.524,11.8,16.0,0.735,7.3,32.8,13.0,5.7,3.0,13.4,16.2,67.5,11.38,11.25,66.4
2023,Big 12,10,Texas Tech,32,3,7,0.5,,105.7,99.4,6.3,26.0,56.6,0.459,7.2,20.8,0.345,0.523,14.2,19.7,0.722,10.4,35.2,12.9,7.3,2.9,13.8,15.4,69.0,12.58,8.24,68.9
2024,Big 12,1,Houston,37,7,3,0.865,,113.6,89.0,24.6,26.5,60.4,0.439,7.7,22.2,0.348,0.503,12.8,18.6,0.687,13.4,37.1,13.1,9.8,4.8,8.9,17.8,57.6,25.69,9.8,64.1
2024,Big 12,2,Iowa State,37,5,5,0.784,,110.9,90.6,20.3,27.1,58.5,0.463,6.6,18.6,0.358,0.52,14.5,20.7,0.702,10.6,33.9,15.7,10.3,3.1,10.5,16.5,61.5,22.3,8.51,67.9
2024,Big 12,3,Baylor,35,4,5,0.686,,117.8,104.2,13.6,27.6,57.2,0.483,8.6,22.1,0.389,0.558,16.5,22.6,0.732,11.4,35.1,14.7,6.7,3.1,12.0,16.5,71.1,19.5,10.71,66.8
2024,Big 12,4,Texas Tech,34,4,6,0.676,,111.7,103.3,8.4,25.8,57.1,0.451,8.5,23.6,0.359,0.526,15.2,19.5,0.78,9.9,34.9,14.7,6.0,2.5,11.1,14.9,69.6,14.96,9.28,67.2
2024,Big 12,5,BYU,34,3,7,0.676,,116.4,100.0,16.4,29.2,63.4,0.46,11.1,32.0,0.348,0.548,11.9,16.1,0.742,11.9,39.5,18.5,5.9,3.0,10.7,17.7,69.9,19.33,7.86,69.9
2024,Big 12,6,Kansas,34,3,7,0.676,,107.7,99.6,8.1,28.2,57.9,0.488,5.7,17.3,0.332,0.538,13.4,18.5,0.721,8.2,36.1,19.0,7.1,3.9,11.7,14.8,69.9,16.35,11.32,69.9
2024,Big 12,7,Texas,34,4,6,0.618,,110.1,100.6,9.5,27.4,58.5,0.469,7.2,20.3,0.355,0.53,13.4,17.6,0.757,10.0,34.7,15.1,7.2,4.4,11.6,17.3,68.9,15.91,9.41,68.2
2024,Big 12,8,TCU,34,6,5,0.618,,110.3,100.2,10.2,28.4,61.4,0.461,6.6,18.6,0.354,0.515,15.7,21.5,0.731,12.7,37.1,16.9,9.0,3.8,12.9,17.4,71.7,14.62,7.32,70.6
2024,Big 12,9,Kansas State,34,2,9,0.559,,102.8,101.3,1.6,24.6,56.4,0.436,7.4,23.2,0.318,0.502,15.6,21.6,0.72,11.1,37.5,14.0,5.9,4.1,14.8,17.5,71.1,11.06,9.97,68.4
2024,Big 12,10,Oklahoma,32,3,6,0.625,,109.4,99.8,9.6,26.1,56.2,0.465,7.5,21.6,0.345,0.531,15.7,21.2,0.743,9.7,35.2,13.3,5.9,3.3,12.5,16.1,68.8,14.66,8.07,68.4
2024,Big 12,11,UCF,33,3,7,0.515,,103.0,97.6,5.4,24.8,58.9,0.42,6.8,21.2,0.322,0.478,15.4,21.9,0.701,12.4,37.7,11.4,8.7,5.0,12.5,18.2,67.9,11.92,8.17,69.3
2024,Big 12,12,Cincinnati,37,4,8,0.595,,107.8,98.4,9.5,27.6,62.4,0.443,7.6,22.9,0.33,0.503,11.9,17.2,0.688,13.3,39.5,14.6,6.5,4.4,12.0,15.0,68.2,15.06,8.49,68.4
2024,Big 12,13,Oklahoma State,32,1,9,0.375,,103.2,105.7,-2.5,24.8,56.2,0.441,8.1,24.3,0.334,0.513,13.3,19.1,0.697,9.2,33.7,13.4,6.3,2.9,12.9,16.0,72.7,6.25,7.97,68.0
2024,Big 12,14,West Virginia,32,0,9,0.281,,100.8,111.0,-10.2,24.0,55.8,0.43,7.3,20.8,0.349,0.495,14.6,20.7,0.705,9.2,33.8,13.0,4.3,3.6,12.7,15.2,76.8,3.73,10.76,68.7
2025,Big 12,1,Houston,40,10,0,0.875,,116.2,92.5,23.7,26.8,59.6,0.449,8.2,20.7,0.394,0.517,12.0,16.2,0.74,12.8,36.9,12.1,7.8,4.6,9.0,16.3,58.7,28.45,13.45,62.4
2025,Big 12,2,Texas Tech,37,8,2,0.757,,119.5,101.2,18.4,28.6,61.5,0.466,10.0,27.3,0.367,0.547,13.6,17.9,0.76,11.8,37.1,16.4,6.3,3.1,9.6,15.7,68.5,23.05,10.62,66.5
2025,Big 12,3,Arizona,37,6,5,0.649,,116.3,103.3,13.0,29.1,61.3,0.474,7.2,21.3,0.338,0.533,17.1,22.0,0.78,12.3,39.7,16.2,7.5,4.4,11.4,16.9,73.3,22.94,13.72,70.4
2025,Big 12,4,BYU,36,6,5,0.722,,117.6,104.8,12.8,28.9,60.0,0.482,10.5,28.6,0.368,0.57,13.0,18.3,0.713,11.3,37.6,17.3,7.1,3.1,12.1,16.3,72.6,19.07,10.21,68.1
2025,Big 12,5,Iowa State,35,6,5,0.714,,114.1,97.1,17.0,28.1,58.1,0.483,7.7,21.4,0.358,0.549,16.6,22.0,0.753,10.3,35.4,15.0,9.3,3.4,12.0,16.2,68.3,22.33,10.33,69.4
2025,Big 12,6,Kansas,34,4,8,0.618,,108.7,99.4,9.3,28.9,61.6,0.47,7.4,21.0,0.354,0.531,10.8,15.0,0.716,10.6,38.5,17.7,6.2,4.7,11.8,14.3,69.6,20.09,13.56,69.2
2025,Big 12,7,Baylor,35,3,9,0.571,,113.6,104.2,9.4,27.0,60.7,0.445,8.4,24.2,0.348,0.514,13.7,18.3,0.747,13.0,35.9,14.4,7.5,2.8,10.8,16.3,69.8,18.77,13.86,65.8
2025,Big 12,8,West Virginia,32,4,7,0.594,,102.9,97.8,5.0,24.4,57.6,0.425,8.7,26.5,0.326,0.5,10.6,14.8,0.72,9.0,33.3,13.8,7.6,4.1,10.8,16.6,64.8,14.89,11.54,65.2
2025,Big 12,9,Kansas State,33,3,9,0.485,,103.9,102.1,1.8,25.9,58.9,0.441,7.7,23.7,0.325,0.506,11.2,16.3,0.691,10.3,33.9,15.3,7.4,3.5,12.1,15.6,69.6,10.89,9.67,67.9
2025,Big 12,10,TCU,32,2,9,0.5,,100.3,102.1,-1.7,24.4,58.6,0.416,6.1,20.3,0.3,0.468,12.7,19.7,0.647,12.0,34.8,12.2,7.6,3.4,11.6,15.7,68.7,10.49,11.64,67.1
2025,Big 12,11,Utah,33,1,9,0.485,,108.6,104.4,4.2,26.5,59.4,0.446,8.5,26.1,0.327,0.518,14.0,21.8,0.641,12.6,39.8,17.4,6.4,3.6,12.4,18.5,72.6,11.44,8.5,69.3
2025,Big 12,12,UCF,37,2,8,0.541,,108.2,109.0,-0.8,26.8,62.9,0.426,8.9,26.2,0.338,0.497,17.3,22.4,0.775,12.2,36.9,13.9,7.6,4.4,12.2,17.2,80.4,10.59,11.22,72.5
2025,Big 12,13,Cincinnati,35,4,9,0.543,,106.9,99.5,7.4,27.2,60.6,0.449,7.5,23.2,0.324,0.511,9.3,14.0,0.665,11.3,34.8,13.9,7.6,4.1,10.3,14.2,66.2,14.23,9.28,66.6
2025,Big 12,14,Oklahoma State,35,3,10,0.486,,101.5,106.1,-4.6,24.7,57.7,0.428,6.6,20.0,0.331,0.486,17.0,23.7,0.717,11.2,35.2,12.7,9.1,2.9,13.7,19.4,76.3,6.89,10.18,71.9
2025,Big 12,15,Arizona State,33,3,8,0.394,,104.4,108.2,-3.8,25.2,57.3,0.439,8.7,24.4,0.356,0.515,15.1,20.8,0.726,8.8,34.0,12.8,5.3,4.4,12.5,17.0,76.8,10.62,13.32,70.1
2025,Big 12,16,Colorado,35,0,10,0.4,,101.6,104.7,-3.1,24.3,54.6,0.444,6.5,20.4,0.321,0.504,14.7,19.6,0.75,9.5,35.1,14.2,7.0,3.9,14.4,16.5,71.9,9.62,11.74,68.2
2015,Big Ten,1,Wisconsin,40,10,2,0.9,,121.2,97.2,23.9,25.4,52.9,0.479,7.2,19.8,0.365,0.548,14.6,19.1,0.763,9.6,33.5,12.6,4.4,3.2,7.4,12.5,58.2,24.61,10.29,59.5
2015,Big Ten,2,Maryland,35,6,4,0.8,,106.1,97.3,8.7,22.3,50.8,0.44,7.4,19.6,0.376,0.512,17.1,22.6,0.756,9.0,34.9,10.7,4.8,4.3,12.3,16.7,63.4,13.32,7.63,64.7
2015,Big Ten,3,Iowa,34,7,4,0.647,,107.4,96.0,11.5,24.1,56.0,0.431,5.6,16.9,0.333,0.481,15.8,21.3,0.744,12.4,37.5,14.2,6.4,4.6,11.1,15.8,62.3,15.83,8.39,64.5
2015,Big Ten,4,Michigan State,39,7,4,0.692,,109.7,98.2,11.5,26.0,55.9,0.465,7.5,19.6,0.385,0.532,11.6,18.3,0.632,11.2,37.4,16.6,5.2,4.5,11.3,18.9,63.6,17.46,10.0,63.0
2015,Big Ten,5,Purdue,34,4,6,0.618,,106.4,98.3,8.1,24.3,54.1,0.449,5.7,17.6,0.327,0.502,15.4,22.6,0.683,12.0,36.7,14.9,5.4,5.2,13.1,18.9,64.6,12.93,7.64,64.9
2015,Big Ten,6,Ohio State,35,4,6,0.686,,113.3,94.7,18.5,27.5,57.0,0.483,6.7,18.2,0.37,0.542,13.5,19.8,0.68,11.1,35.5,15.3,7.6,5.1,11.3,16.1,63.0,19.68,7.37,66.0
2015,Big Ten,7,Illinois,33,2,9,0.576,,105.5,97.1,8.4,23.8,57.7,0.413,7.2,20.3,0.355,0.476,14.3,18.0,0.794,10.6,34.4,11.8,6.3,3.2,9.9,17.5,63.6,12.42,6.93,65.0
2015,Big Ten,8,Indiana,34,3,6,0.588,,115.3,106.7,8.5,27.1,58.5,0.464,9.4,23.1,0.406,0.544,13.8,19.1,0.719,12.0,36.0,13.9,5.0,3.2,11.5,17.8,71.7,12.94,7.2,66.9
2015,Big Ten,9,Michigan,32,2,8,0.5,,104.2,103.0,1.2,22.9,53.9,0.426,7.8,21.8,0.359,0.498,11.0,14.6,0.754,8.3,30.2,11.9,5.4,1.8,9.6,14.2,64.0,9.56,9.59,60.7
2015,Big Ten,10,Minnesota,33,3,8,0.545,,108.0,98.5,9.5,27.0,58.3,0.463,7.4,19.3,0.381,0.526,12.9,19.2,0.672,10.7,32.9,15.7,9.5,3.3,12.1,18.1,67.7,12.34,7.21,68.2
2015,Big Ten,11,Northwestern,32,3,8,0.469,,103.0,104.7,-1.8,22.7,52.2,0.436,7.1,19.8,0.359,0.504,10.9,14.9,0.732,8.7,32.9,14.4,3.7,3.9,11.2,17.9,64.6,6.11,7.2,60.5
2015,Big Ten,12,Nebraska,31,1,11,0.419,,94.7,97.3,-2.6,21.4,52.0,0.412,5.2,18.3,0.284,0.462,13.4,19.0,0.707,8.9,33.0,10.2,6.2,2.9,12.5,18.7,63.1,5.9,7.58,63.8
2015,Big Ten,13,Penn State,34,3,8,0.529,,100.2,99.1,1.0,23.4,55.7,0.42,6.7,20.0,0.334,0.48,13.4,19.3,0.695,10.4,35.3,9.9,6.1,4.1,12.2,20.4,66.2,7.77,7.1,65.8
2015,Big Ten,14,Rutgers,32,2,10,0.313,,91.3,103.5,-12.1,21.5,54.7,0.392,4.8,16.1,0.295,0.436,11.6,17.8,0.653,11.2,34.9,10.7,5.6,3.7,13.0,16.6,67.2,0.23,8.11,64.9
2016,Big Ten,1,Indiana,35,6,4,0.771,,119.2,100.9,18.3,29.2,58.1,0.502,9.9,23.7,0.415,0.587,14.4,19.7,0.733,11.8,36.8,16.0,6.8,3.9,13.5,18.5,69.9,19.59,6.9,69.1
2016,Big Ten,2,Michigan State,35,7,3,0.829,,118.6,95.3,23.3,28.8,59.4,0.486,9.2,21.1,0.434,0.563,13.0,17.8,0.729,12.2,41.5,20.5,4.5,5.1,11.6,19.2,64.1,22.59,6.94,66.8
2016,Big Ten,3,Iowa,33,6,5,0.667,,111.5,99.6,11.9,27.5,61.4,0.447,8.2,21.8,0.374,0.513,14.5,20.3,0.717,11.9,38.1,15.8,6.8,4.7,10.3,16.3,69.3,17.01,8.71,69.1
2016,Big Ten,4,Maryland,36,4,6,0.75,,112.1,98.7,13.4,26.2,53.9,0.486,7.4,20.5,0.361,0.555,15.9,20.7,0.768,8.9,35.8,13.6,5.8,5.4,12.7,16.8,66.7,16.71,8.31,67.3
2016,Big Ten,5,Purdue,35,5,5,0.743,,113.7,95.2,18.6,27.4,58.3,0.47,7.7,20.9,0.367,0.536,15.4,20.7,0.744,11.6,41.2,17.6,4.2,4.7,12.0,17.3,65.2,20.17,7.46,67.8
2016,Big Ten,6,Wisconsin,35,6,5,0.629,,105.1,98.9,6.2,23.3,54.8,0.426,6.5,18.7,0.349,0.485,14.6,20.8,0.703,11.4,35.1,11.4,5.9,3.3,11.0,16.8,63.8,13.4,9.4,64.1
2016,Big Ten,7,Ohio State,35,4,6,0.6,,102.5,99.1,3.4,25.0,57.0,0.439,6.3,18.7,0.334,0.494,14.0,20.5,0.684,10.8,38.1,11.3,5.5,5.2,12.9,17.7,68.0,9.39,7.08,67.7
2016,Big Ten,8,Michigan,36,4,6,0.639,,111.9,102.2,9.7,26.3,56.9,0.462,9.5,25.0,0.38,0.546,11.7,15.8,0.738,8.1,32.0,14.9,5.6,2.3,9.7,15.5,67.4,13.75,7.92,65.7
2016,Big Ten,9,Northwestern,32,5,6,0.625,,109.7,100.5,9.2,26.2,58.1,0.45,8.7,24.3,0.358,0.525,11.0,16.5,0.667,10.7,36.5,16.5,3.9,3.8,10.3,18.9,66.0,10.16,4.12,64.4
2016,Big Ten,10,Penn State,32,3,8,0.5,,98.7,104.4,-5.7,22.9,56.2,0.407,6.6,20.8,0.317,0.466,13.5,19.4,0.696,10.4,34.7,10.1,5.2,4.4,11.3,20.1,69.6,3.17,6.95,66.2
2016,Big Ten,11,Nebraska,34,3,8,0.471,,106.9,102.0,4.8,26.0,58.1,0.447,6.5,18.6,0.347,0.503,13.8,18.9,0.73,11.1,35.2,11.7,7.4,3.3,11.8,19.3,69.0,8.84,5.57,67.1
2016,Big Ten,12,Illinois,34,2,8,0.441,,102.5,106.2,-3.8,25.3,58.6,0.432,8.1,22.5,0.363,0.502,13.3,17.9,0.746,7.6,31.6,13.6,5.9,1.9,10.5,17.2,74.8,4.39,7.03,68.6
2016,Big Ten,13,Minnesota,31,0,9,0.258,,98.2,106.9,-8.7,23.4,57.6,0.406,6.2,19.9,0.31,0.459,15.1,21.4,0.708,10.0,34.4,12.2,5.5,3.6,11.4,18.2,74.0,0.86,6.86,68.4
2016,Big Ten,14,Rutgers,32,0,11,0.219,,93.9,111.4,-17.6,24.5,58.7,0.418,5.0,15.7,0.32,0.461,13.6,20.0,0.68,9.8,34.8,11.8,6.1,3.5,13.8,17.6,80.3,-7.06,6.43,71.3
2017,Big Ten,1,Purdue,35,6,4,0.771,,112.6,96.6,16.0,28.0,58.4,0.479,9.0,22.3,0.403,0.557,14.7,19.4,0.757,9.8,37.8,18.3,5.2,2.5,13.0,15.8,68.4,20.13,8.79,70.0
2017,Big Ten,2,Maryland,33,8,2,0.727,,108.1,99.6,8.5,25.1,55.8,0.449,8.2,22.9,0.359,0.523,15.5,22.2,0.699,10.6,35.5,14.3,5.5,4.7,12.9,18.6,68.1,12.79,8.29,68.1
2017,Big Ten,3,Wisconsin,37,5,5,0.73,,110.7,95.4,15.3,26.2,57.7,0.455,7.6,21.3,0.359,0.521,12.2,19.0,0.644,12.4,37.2,13.6,6.8,3.5,11.1,16.3,62.4,19.4,9.4,64.5
2017,Big Ten,4,Minnesota,34,5,5,0.706,,104.6,96.6,8.0,26.1,59.9,0.435,6.1,17.9,0.343,0.487,16.9,23.7,0.711,11.1,39.4,14.9,5.7,6.7,11.6,17.0,69.4,14.56,8.82,70.3
2017,Big Ten,5,Iowa,34,3,7,0.559,,107.9,104.5,3.3,28.4,62.4,0.455,8.8,23.3,0.379,0.525,15.0,21.8,0.688,12.0,38.4,17.7,7.4,3.8,13.9,17.9,78.1,10.01,7.54,72.8
2017,Big Ten,6,Michigan,38,3,8,0.684,,116.5,103.1,13.4,26.4,54.6,0.483,9.5,24.7,0.385,0.57,12.8,16.4,0.779,7.4,29.2,13.9,5.8,2.8,9.2,15.0,66.4,18.8,10.17,63.8
2017,Big Ten,7,Michigan State,35,2,7,0.571,,105.0,100.4,4.6,25.9,55.1,0.47,7.8,20.9,0.373,0.54,12.3,18.5,0.669,9.4,36.4,16.9,4.3,4.6,14.0,20.0,68.7,13.67,10.5,68.2
2017,Big Ten,8,Northwestern,36,5,5,0.667,,106.8,98.4,8.4,25.4,58.1,0.436,7.1,20.7,0.342,0.497,13.3,17.7,0.748,10.7,36.2,15.0,5.3,4.9,10.6,19.2,65.5,14.02,8.43,66.5
2017,Big Ten,9,Illinois,35,3,7,0.571,,103.7,99.9,3.8,25.7,57.7,0.445,7.7,20.9,0.369,0.512,12.6,18.4,0.687,9.8,34.8,13.5,5.6,2.4,12.4,18.3,69.1,10.54,9.25,68.9
2017,Big Ten,10,Indiana,34,2,8,0.529,,112.2,103.1,9.1,28.2,58.9,0.479,8.7,22.8,0.38,0.552,14.6,20.1,0.729,12.1,39.1,14.4,6.1,4.6,15.2,20.1,73.3,14.63,8.16,69.5
2017,Big Ten,11,Ohio State,32,4,7,0.531,,105.6,101.2,4.4,25.8,55.8,0.463,6.6,18.5,0.356,0.522,14.5,21.3,0.682,10.1,37.2,13.6,5.2,3.8,13.2,17.6,69.8,10.31,7.28,68.7
2017,Big Ten,12,Nebraska,31,3,8,0.387,,99.5,103.9,-4.4,25.6,61.5,0.416,5.8,18.1,0.32,0.463,13.0,18.3,0.71,13.3,38.3,11.4,6.8,3.7,13.3,18.6,73.0,6.47,10.74,69.2
2017,Big Ten,13,Penn State,33,4,7,0.455,,98.5,99.9,-1.4,25.0,60.3,0.415,7.0,20.6,0.339,0.473,14.8,19.8,0.745,10.0,35.3,13.6,6.8,5.6,13.0,18.1,72.7,7.9,8.9,71.5
2017,Big Ten,14,Rutgers,33,3,10,0.455,,97.0,99.4,-2.3,24.5,59.6,0.411,4.6,15.2,0.303,0.45,11.9,19.1,0.623,14.5,40.0,10.9,6.6,4.6,13.2,17.7,67.1,3.69,6.22,67.3
2018,Big Ten,1,Michigan State,35,8,1,0.857,,117.3,94.9,22.4,28.3,57.0,0.496,8.3,20.7,0.4,0.569,15.3,20.5,0.747,11.6,41.1,19.1,4.1,7.2,13.1,18.3,64.9,22.41,7.1,68.1
2018,Big Ten,2,Ohio State,34,6,2,0.735,,111.0,98.4,12.6,28.0,58.2,0.48,7.0,19.9,0.353,0.541,13.2,18.1,0.731,9.8,36.6,14.7,6.1,3.9,11.7,17.5,67.6,17.67,9.02,67.9
2018,Big Ten,3,Purdue,37,8,2,0.811,,117.7,96.2,21.5,27.9,56.7,0.493,9.5,22.7,0.42,0.577,15.0,20.2,0.743,8.6,35.0,16.2,5.7,4.9,10.8,15.7,65.7,23.41,8.74,68.1
2018,Big Ten,4,Michigan,41,6,5,0.805,,111.0,95.4,15.6,26.6,57.0,0.468,8.8,24.7,0.357,0.545,11.6,17.5,0.661,8.4,33.3,14.3,6.4,3.1,9.2,15.7,63.3,19.03,9.41,65.7
2018,Big Ten,5,Nebraska,33,4,8,0.667,,105.7,100.4,5.4,24.8,57.8,0.43,7.0,20.3,0.346,0.491,15.6,21.7,0.718,10.8,36.1,13.5,6.1,5.5,11.0,17.1,68.6,10.99,7.33,68.1
2018,Big Ten,6,Indiana,31,3,8,0.516,,105.2,102.8,2.4,26.0,57.0,0.456,6.3,19.4,0.322,0.511,13.6,20.8,0.657,11.1,35.5,14.0,6.4,4.3,12.5,18.1,70.3,9.89,8.25,67.5
2018,Big Ten,7,Penn State,39,6,7,0.667,,109.3,97.6,11.8,27.1,58.7,0.461,7.5,19.5,0.387,0.526,13.0,18.5,0.702,10.8,35.5,13.9,7.2,4.9,11.9,17.6,66.7,15.85,7.79,67.9
2018,Big Ten,8,Maryland,32,2,8,0.594,,109.4,100.1,9.3,25.3,53.0,0.478,7.2,19.3,0.371,0.546,15.2,20.2,0.755,9.5,35.9,14.1,4.3,4.3,13.7,16.0,66.9,13.78,7.94,66.6
2018,Big Ten,9,Wisconsin,33,3,8,0.455,,105.0,103.6,1.4,24.0,53.6,0.448,6.5,19.5,0.335,0.509,12.2,17.5,0.699,9.1,30.6,12.5,5.5,3.5,10.7,16.5,66.0,10.38,9.5,63.4
2018,Big Ten,10,Northwestern,32,3,9,0.469,,104.6,101.0,3.6,24.2,56.7,0.426,8.0,22.5,0.354,0.497,12.6,16.8,0.747,10.0,33.1,14.0,4.9,4.3,11.7,18.9,66.5,9.63,8.37,65.3
2018,Big Ten,11,Illinois,32,1,10,0.438,,105.8,103.1,2.8,26.8,60.9,0.439,7.4,22.0,0.335,0.5,14.9,20.4,0.732,12.4,32.9,13.8,7.5,2.2,13.3,22.5,73.8,8.5,7.53,70.8
2018,Big Ten,12,Iowa,33,1,10,0.424,,111.4,110.0,1.4,28.7,59.8,0.479,7.6,20.4,0.375,0.543,14.7,21.2,0.695,11.8,38.1,18.2,5.2,4.1,13.4,16.6,78.7,8.13,7.13,71.0
2018,Big Ten,13,Minnesota,32,2,9,0.469,,105.8,105.6,0.1,26.6,61.6,0.431,6.8,19.7,0.346,0.487,15.2,21.6,0.704,11.6,38.2,14.6,5.7,5.1,11.0,15.4,75.1,7.0,6.91,70.2
2018,Big Ten,14,Rutgers,34,0,9,0.441,,96.4,95.9,0.5,24.4,60.1,0.406,4.3,14.7,0.29,0.442,12.0,18.7,0.644,13.1,38.7,9.8,7.1,4.0,11.7,17.1,64.8,5.5,6.84,66.9
2019,Big Ten,1,Michigan State,39,8,4,0.821,,113.1,94.8,18.4,27.5,57.2,0.48,8.2,21.6,0.378,0.552,14.5,19.2,0.753,10.6,40.5,18.3,5.2,5.3,12.6,16.6,65.0,24.93,12.34,68.1
2019,Big Ten,2,Purdue,36,6,6,0.722,,114.4,100.4,14.1,26.9,59.6,0.451,10.1,27.1,0.374,0.536,12.8,17.8,0.719,11.7,37.3,14.4,6.1,4.0,10.6,17.4,67.3,21.4,11.99,66.1
2019,Big Ten,3,Michigan,37,7,4,0.811,,106.5,89.2,17.2,25.4,56.8,0.448,7.8,22.7,0.342,0.516,11.0,15.6,0.701,8.1,35.3,13.8,6.1,4.0,9.0,13.9,58.3,21.82,10.55,65.4
2019,Big Ten,4,Wisconsin,34,8,5,0.676,,103.9,93.5,10.4,25.7,57.2,0.449,7.1,19.8,0.359,0.511,10.1,15.6,0.648,8.3,35.2,12.6,5.2,4.1,9.6,15.0,61.7,17.9,11.01,64.8
2019,Big Ten,5,Maryland,34,6,5,0.676,,107.3,98.4,8.9,25.2,56.1,0.449,7.3,20.8,0.349,0.514,13.7,18.4,0.743,11.1,39.3,13.1,4.4,4.8,12.9,15.5,65.5,16.01,10.09,66.6
2019,Big Ten,6,Iowa,35,4,6,0.657,,110.4,104.1,6.2,26.1,57.3,0.456,8.1,22.3,0.364,0.527,17.9,24.3,0.739,10.2,35.6,15.5,6.0,3.2,12.2,16.1,73.9,14.27,9.84,70.2
2019,Big Ten,7,Minnesota,36,2,9,0.611,,103.7,101.8,1.8,24.6,56.6,0.435,5.3,16.8,0.317,0.482,16.1,23.6,0.682,11.2,36.5,14.5,4.9,3.9,11.6,16.1,69.4,12.52,11.27,67.9
2019,Big Ten,8,Indiana,35,3,9,0.543,,103.3,97.9,5.4,26.3,57.4,0.457,6.0,19.3,0.312,0.51,13.0,19.9,0.655,9.7,36.3,13.4,6.5,4.4,12.4,17.0,67.8,13.82,10.1,68.3
2019,Big Ten,9,Ohio State,35,4,7,0.571,,103.2,98.9,4.3,24.0,55.2,0.434,7.5,22.1,0.341,0.503,13.6,18.6,0.734,9.4,34.7,14.1,5.9,2.4,12.5,17.8,66.2,13.89,11.0,66.7
2019,Big Ten,10,Illinois,33,1,9,0.364,,101.2,104.8,-3.6,26.1,60.6,0.431,7.8,22.8,0.345,0.496,12.6,17.9,0.702,10.6,33.1,13.5,7.4,2.6,13.2,21.2,75.2,8.95,11.53,71.0
2019,Big Ten,11,Penn State,32,3,9,0.438,,101.0,99.5,1.5,24.7,59.3,0.417,6.9,21.7,0.32,0.475,13.3,19.2,0.693,11.9,36.7,12.2,7.7,3.8,12.5,18.7,68.6,12.55,11.51,68.2
2019,Big Ten,12,Rutgers,31,4,9,0.452,,99.0,100.2,-1.3,24.9,59.4,0.419,6.2,19.7,0.312,0.47,12.0,18.8,0.637,12.6,39.0,12.6,6.5,4.0,13.2,18.3,68.8,8.89,9.76,68.1
2019,Big Ten,13,Nebraska,36,2,10,0.528,,106.5,99.7,6.8,25.4,59.3,0.429,7.5,22.2,0.338,0.493,13.4,19.3,0.697,10.5,35.5,12.9,7.2,4.2,9.6,16.1,67.3,14.85,11.31,67.2
2019,Big Ten,14,Northwestern,32,1,9,0.406,,97.8,96.6,1.2,23.0,57.1,0.402,7.3,23.3,0.313,0.466,12.7,17.2,0.735,8.7,33.9,14.1,5.5,4.2,10.9,18.2,65.1,9.97,9.16,66.8
2021,Big Ten,1,Illinois,31,9,3,0.774,,111.7,95.2,16.5,29.3,58.7,0.5,6.5,17.5,0.373,0.556,15.4,22.3,0.69,10.4,40.0,16.3,5.7,2.8,13.0,17.7,68.6,23.25,11.34,71.2
2021,Big Ten,2,Iowa,31,6,4,0.71,,117.5,102.1,15.4,29.8,63.3,0.471,9.7,25.2,0.386,0.547,14.5,20.2,0.715,11.2,39.7,19.2,5.6,4.5,9.5,14.9,72.7,21.4,10.43,71.0
2021,Big Ten,3,Michigan,28,6,2,0.821,,111.3,95.5,15.8,27.5,57.1,0.482,7.4,19.3,0.381,0.547,13.3,17.3,0.769,8.9,37.5,15.8,4.3,4.2,11.3,14.7,65.1,22.0,11.25,67.8
2021,Big Ten,4,Purdue,28,5,6,0.643,,105.8,99.4,6.4,25.5,57.0,0.447,7.2,21.5,0.333,0.51,12.9,18.1,0.711,11.1,37.6,14.3,5.1,3.5,12.5,17.5,66.7,15.55,11.23,66.5
2021,Big Ten,5,Ohio State,31,7,4,0.677,,112.7,103.9,8.9,26.4,57.6,0.459,8.1,22.6,0.36,0.529,16.2,21.4,0.756,9.7,36.6,13.1,4.5,3.5,10.6,18.4,71.1,18.25,12.19,67.6
2021,Big Ten,6,Rutgers,28,4,6,0.571,,101.0,98.6,2.4,26.5,59.0,0.449,6.1,19.7,0.312,0.501,10.2,16.0,0.636,9.7,35.3,13.7,7.6,5.1,11.5,17.5,67.6,14.14,12.5,68.3
2021,Big Ten,7,Wisconsin,31,5,6,0.581,,105.4,97.4,8.0,24.7,58.3,0.425,8.7,23.8,0.364,0.499,11.7,15.3,0.768,8.2,33.6,13.4,5.6,4.0,9.0,16.1,64.6,17.22,11.93,65.8
2021,Big Ten,8,Maryland,31,4,6,0.548,,104.4,99.5,4.9,24.3,52.8,0.46,8.2,22.8,0.357,0.538,12.1,17.4,0.699,6.3,32.7,13.4,5.0,3.3,11.1,14.7,65.6,13.94,11.97,65.9
2021,Big Ten,9,Michigan State,28,3,8,0.536,,100.3,102.7,-2.4,24.9,58.4,0.426,6.4,19.8,0.321,0.481,13.3,18.3,0.727,10.9,37.4,15.9,4.5,4.7,13.0,19.8,71.1,9.8,11.48,68.9
2021,Big Ten,10,Indiana,27,3,7,0.444,,100.6,100.1,0.5,24.2,55.9,0.433,5.9,18.1,0.324,0.485,15.4,23.2,0.665,9.0,34.6,13.9,5.7,3.7,11.9,17.7,69.4,12.79,12.45,67.1
2021,Big Ten,11,Penn State,25,3,8,0.44,,103.3,103.8,-0.5,25.5,62.5,0.408,8.8,26.2,0.338,0.479,12.8,17.4,0.738,12.2,36.5,13.4,7.9,2.4,11.4,17.8,73.0,13.53,13.89,69.7
2021,Big Ten,12,Minnesota,29,0,10,0.483,,101.2,102.2,-1.0,24.3,61.9,0.392,7.1,25.2,0.284,0.45,16.8,22.7,0.741,11.7,36.8,13.8,6.3,4.6,11.2,18.6,73.2,11.04,11.73,70.7
2021,Big Ten,13,Northwestern,24,2,8,0.375,,100.3,100.0,0.3,25.3,58.4,0.433,8.3,23.6,0.353,0.505,11.3,15.8,0.718,7.5,33.7,14.7,6.2,2.6,11.8,17.7,70.0,9.71,11.76,69.3
2021,Big Ten,14,Nebraska,27,1,10,0.259,,95.4,101.3,-5.8,24.9,59.4,0.418,8.4,25.3,0.333,0.489,11.8,18.5,0.639,8.9,36.3,13.7,7.1,3.3,14.1,17.5,74.2,6.08,12.28,73.0
2022,Big Ten,1,Illinois,33,7,4,0.697,,108.8,98.2,10.5,26.2,58.3,0.448,8.9,24.9,0.359,0.525,13.2,18.7,0.706,11.5,38.5,15.2,5.2,3.0,12.4,16.3,67.2,16.69,9.48,67.9
2022,Big Ten,2,Wisconsin,33,9,2,0.758,,104.4,98.5,5.9,24.7,58.5,0.422,6.5,21.1,0.306,0.477,14.1,19.0,0.743,9.3,35.0,11.1,5.3,2.9,8.7,16.8,66.0,13.13,9.16,67.0
2022,Big Ten,3,Purdue,37,5,5,0.784,,117.8,101.6,16.2,27.7,56.6,0.49,8.5,22.2,0.384,0.565,15.4,21.6,0.711,11.1,38.7,16.2,4.6,3.5,11.8,14.5,68.4,19.15,8.23,66.7
2022,Big Ten,4,Iowa,36,6,6,0.722,,117.5,100.5,17.0,29.8,64.5,0.461,9.2,25.3,0.363,0.533,14.5,19.4,0.749,11.9,37.3,16.0,7.3,4.3,9.2,16.2,71.2,18.9,6.87,70.3
2022,Big Ten,5,Ohio State,32,5,6,0.625,,110.9,103.2,7.8,25.6,54.4,0.471,7.8,21.5,0.365,0.543,13.8,18.2,0.757,9.0,34.6,12.5,4.5,4.8,11.2,16.4,67.7,14.17,9.08,65.1
2022,Big Ten,6,Rutgers,32,4,9,0.563,,102.9,99.9,3.0,25.8,58.0,0.445,6.2,18.3,0.339,0.499,10.7,15.2,0.7,10.2,35.7,15.2,7.0,4.0,11.5,15.8,66.5,8.78,6.81,65.5
2022,Big Ten,7,Michigan,34,5,7,0.559,,107.7,102.9,4.8,26.9,57.6,0.467,6.3,18.5,0.339,0.521,12.6,16.9,0.746,9.9,35.7,14.1,4.7,3.3,11.6,15.2,69.4,14.26,11.02,67.5
2022,Big Ten,8,Michigan State,36,5,6,0.639,,106.4,101.7,4.7,26.1,57.2,0.456,7.3,19.3,0.378,0.52,12.8,17.1,0.75,10.1,36.9,15.7,5.7,5.0,12.8,16.9,69.0,13.18,9.96,67.9
2022,Big Ten,9,Indiana,35,3,8,0.6,,103.2,96.5,6.7,25.8,56.8,0.454,5.9,17.7,0.333,0.506,13.3,19.0,0.7,9.1,36.1,14.6,5.6,4.8,11.8,17.4,66.2,12.71,8.08,67.9
2022,Big Ten,10,Maryland,32,3,7,0.469,,104.4,104.1,0.3,24.7,57.0,0.433,6.9,21.2,0.326,0.494,14.7,19.3,0.759,9.5,35.2,11.6,6.4,3.2,11.4,15.2,70.7,9.34,9.12,67.4
2022,Big Ten,11,Northwestern,31,3,8,0.484,,104.4,100.0,4.3,26.6,62.2,0.427,8.4,24.1,0.347,0.495,11.5,15.9,0.719,9.5,35.5,15.8,6.5,3.5,9.8,17.6,69.9,8.91,7.11,68.8
2022,Big Ten,12,Penn State,31,1,10,0.452,,101.6,102.3,-0.6,23.9,55.2,0.432,8.0,23.5,0.342,0.505,8.8,12.0,0.735,9.3,35.3,11.9,5.3,2.2,11.8,15.4,65.0,8.72,9.1,62.8
2022,Big Ten,13,Minnesota,30,3,9,0.433,,101.5,104.9,-3.3,24.8,56.6,0.438,7.8,21.2,0.368,0.507,9.6,13.4,0.718,6.0,30.7,12.6,5.3,2.8,9.2,14.1,69.2,5.93,8.13,65.5
2022,Big Ten,14,Nebraska,32,3,8,0.313,,99.8,107.0,-7.2,26.0,58.6,0.444,7.0,21.9,0.32,0.503,14.3,19.5,0.731,7.3,33.1,12.8,7.2,2.7,12.6,17.4,78.5,3.0,8.25,72.0
2023,Big Ten,1,Purdue,35,8,3,0.829,,112.8,97.4,15.4,25.3,55.3,0.457,6.8,21.2,0.322,0.518,15.3,20.6,0.744,12.3,38.7,15.5,4.7,3.7,11.1,13.7,62.7,18.23,8.31,64.2
2023,Big Ten,2,Indiana,35,5,7,0.657,,109.0,100.1,8.8,28.4,58.4,0.486,5.7,15.5,0.368,0.535,12.2,17.2,0.711,9.2,35.7,15.2,5.8,5.1,11.5,17.1,68.7,14.94,8.88,68.4
2023,Big Ten,3,Northwestern,34,7,4,0.647,,103.5,95.9,7.6,23.6,57.9,0.407,7.6,23.7,0.321,0.473,13.0,17.2,0.757,10.3,34.5,12.8,7.9,3.9,9.6,16.1,62.8,13.68,8.71,65.0
2023,Big Ten,4,Illinois,33,3,7,0.606,,105.7,95.5,10.2,26.5,59.0,0.449,7.6,24.7,0.308,0.514,13.7,20.2,0.679,11.1,37.8,12.4,6.9,5.6,12.9,16.9,67.2,14.81,7.65,69.5
2023,Big Ten,5,Iowa,33,4,7,0.576,,113.7,106.0,7.7,28.5,62.9,0.453,8.0,23.6,0.34,0.517,15.0,20.3,0.738,12.1,36.6,16.4,6.5,3.4,9.8,14.8,74.7,14.08,8.69,69.6
2023,Big Ten,6,Maryland,35,2,9,0.629,,107.7,98.1,9.6,24.6,55.0,0.448,6.7,20.3,0.328,0.508,13.8,18.9,0.732,9.8,33.6,11.4,5.5,3.7,10.7,16.0,63.5,14.58,8.35,64.5
2023,Big Ten,7,Michigan,34,3,8,0.529,,106.4,101.0,5.4,26.4,58.6,0.45,7.7,21.9,0.351,0.516,12.9,18.1,0.711,8.8,36.7,12.2,4.6,4.6,10.5,15.5,69.6,12.43,8.69,67.4
2023,Big Ten,8,Michigan State,34,5,7,0.618,,106.8,102.3,4.5,25.9,57.2,0.452,7.4,18.9,0.393,0.517,11.8,15.5,0.759,9.0,35.7,14.6,4.7,3.0,10.9,16.4,67.9,14.25,11.25,65.4
2023,Big Ten,9,Penn State,37,4,7,0.622,,110.4,104.2,6.2,26.4,57.1,0.463,10.4,26.9,0.387,0.554,9.0,12.1,0.739,6.1,32.6,13.7,4.4,2.1,9.0,15.5,68.2,13.04,9.02,64.4
2023,Big Ten,10,Rutgers,34,4,7,0.559,,102.7,91.8,10.9,25.5,59.2,0.431,5.7,17.9,0.321,0.479,11.7,16.7,0.7,11.6,36.8,15.1,8.7,3.9,11.4,16.0,61.1,14.58,7.31,66.1
2023,Big Ten,11,Nebraska,32,4,9,0.5,,99.5,102.3,-2.8,25.6,55.9,0.458,6.7,20.5,0.326,0.517,10.1,15.8,0.641,8.3,34.5,13.1,5.5,2.5,12.7,14.1,69.9,7.12,9.02,67.2
2023,Big Ten,12,Wisconsin,35,6,6,0.571,,101.1,98.5,2.6,23.7,57.3,0.414,7.9,23.1,0.342,0.483,9.9,14.3,0.691,7.9,31.7,11.6,5.9,1.5,8.6,15.8,63.6,10.98,9.29,63.2
2023,Big Ten,13,Ohio State,35,1,10,0.457,,109.2,103.9,5.3,27.1,58.6,0.462,6.8,18.6,0.368,0.52,11.5,15.6,0.739,10.6,35.9,11.7,5.2,3.8,10.7,16.4,69.0,12.99,9.45,65.9
2023,Big Ten,14,Minnesota,31,1,9,0.29,,95.4,107.8,-12.4,23.2,53.7,0.433,6.2,19.1,0.325,0.49,10.2,16.5,0.619,8.5,32.8,14.6,4.6,4.0,12.9,15.5,71.0,-0.3,7.86,65.4
2024,Big Ten,1,Purdue,39,7,3,0.872,,119.5,100.1,19.3,28.4,58.3,0.488,8.2,20.2,0.404,0.558,17.3,24.1,0.72,12.2,40.4,18.5,5.4,3.6,11.3,13.7,69.0,24.93,11.6,68.3
2024,Big Ten,2,Illinois,38,6,5,0.763,,118.2,104.0,14.2,29.1,62.0,0.469,8.3,23.9,0.349,0.536,16.9,23.0,0.736,12.8,40.9,13.3,4.4,3.8,10.6,15.2,73.3,19.56,9.54,70.1
2024,Big Ten,3,Nebraska,34,3,8,0.676,,110.8,101.1,9.7,26.8,59.3,0.452,9.4,26.3,0.357,0.531,14.7,19.4,0.76,9.6,37.6,15.3,6.3,2.6,11.1,15.9,70.9,14.36,7.53,69.4
2024,Big Ten,4,Northwestern,34,4,7,0.647,,111.2,104.7,6.5,26.2,57.6,0.455,8.2,21.0,0.39,0.526,12.7,16.9,0.752,8.5,31.4,15.6,7.0,3.1,8.8,17.6,69.1,12.77,8.5,64.8
2024,Big Ten,5,Wisconsin,36,3,9,0.611,,112.0,105.0,7.0,26.4,57.4,0.461,7.1,20.4,0.349,0.522,14.7,19.4,0.755,10.1,34.0,12.7,6.2,1.6,9.9,16.5,70.0,16.01,11.35,66.0
2024,Big Ten,6,Indiana,33,4,6,0.576,,104.2,107.1,-2.9,26.6,56.0,0.476,5.0,15.5,0.324,0.521,14.0,21.1,0.664,8.9,35.0,15.3,5.2,4.0,12.1,16.9,74.3,7.74,9.74,69.4
2024,Big Ten,7,Iowa,34,4,9,0.559,,114.0,108.9,5.1,30.1,63.4,0.476,6.6,18.9,0.351,0.528,16.2,20.9,0.774,9.8,35.6,17.8,6.8,3.9,9.6,16.9,79.4,13.0,9.26,72.6
2024,Big Ten,8,Michigan State,35,3,7,0.571,,109.4,99.1,10.2,27.1,58.8,0.461,6.5,17.9,0.363,0.516,12.2,17.2,0.708,10.1,34.7,15.9,7.1,3.8,10.0,16.6,66.1,17.72,10.89,66.4
2024,Big Ten,9,Minnesota,34,3,9,0.559,,110.3,105.7,4.6,26.8,56.8,0.472,7.9,22.2,0.355,0.541,13.6,19.7,0.69,10.1,34.9,17.3,6.3,4.4,12.0,16.1,71.9,9.51,6.4,67.7
2024,Big Ten,10,Ohio State,36,2,8,0.611,,110.9,103.1,7.8,26.6,59.1,0.45,7.1,20.4,0.345,0.51,15.3,19.9,0.767,10.9,37.1,14.1,5.6,4.6,10.6,17.0,70.2,13.64,8.37,67.3
2024,Big Ten,11,Penn State,33,2,8,0.485,,106.1,103.7,2.4,25.9,59.1,0.438,7.7,23.2,0.334,0.503,15.6,20.9,0.747,9.6,32.3,12.6,8.3,3.4,11.1,18.3,73.4,9.22,7.52,70.2
2024,Big Ten,12,Maryland,33,4,8,0.485,,103.0,98.3,4.7,23.2,56.2,0.413,6.1,21.1,0.289,0.467,16.5,22.9,0.72,11.5,35.7,10.9,6.6,4.5,11.7,17.5,65.9,10.6,7.44,66.3
2024,Big Ten,13,Rutgers,32,3,9,0.469,,95.0,96.6,-1.7,23.4,60.2,0.389,5.5,19.1,0.287,0.435,13.0,19.8,0.658,12.3,37.1,11.8,7.7,5.2,11.4,16.9,66.5,7.41,8.57,68.6
2024,Big Ten,14,Michigan,32,2,10,0.25,,104.6,113.3,-8.7,25.9,58.4,0.444,8.0,22.2,0.359,0.512,13.2,18.7,0.703,10.6,35.4,12.5,4.2,3.6,12.9,17.2,79.0,5.28,11.34,68.9
2025,Big Ten,1,Michigan State,37,8,2,0.811,,112.3,97.0,15.2,27.1,59.2,0.458,6.1,19.5,0.311,0.509,17.4,22.4,0.779,11.9,39.8,16.6,5.3,4.6,11.4,16.7,67.1,22.43,11.89,69.0
2025,Big Ten,2,Maryland,36,5,5,0.75,,114.8,95.1,19.7,28.9,61.4,0.47,8.1,21.7,0.373,0.536,15.3,20.3,0.75,10.6,36.3,14.2,7.9,4.5,10.1,15.3,67.2,23.33,9.41,70.3
2025,Big Ten,3,Michigan,37,7,3,0.73,,109.5,100.3,9.1,27.3,58.4,0.468,8.1,24.5,0.332,0.538,15.2,20.9,0.728,11.1,38.4,15.8,5.4,3.6,14.0,17.1,71.5,20.21,13.69,70.7
2025,Big Ten,4,Wisconsin,37,6,5,0.73,,116.3,102.8,13.4,26.8,59.0,0.454,9.9,28.4,0.348,0.538,16.6,20.2,0.826,9.4,36.5,14.5,5.1,2.4,9.6,16.5,70.9,20.73,11.49,68.7
2025,Big Ten,5,UCLA,34,5,5,0.676,,112.0,98.5,13.6,26.7,57.6,0.464,7.4,21.0,0.352,0.528,13.2,18.6,0.71,10.8,32.6,16.3,8.1,3.1,10.6,17.2,65.2,19.68,10.71,66.2
2025,Big Ten,6,Purdue,36,5,6,0.667,,116.8,106.3,10.4,27.4,56.3,0.486,8.3,21.6,0.382,0.559,14.3,19.5,0.732,9.8,32.9,15.9,6.4,1.6,10.4,15.8,70.4,20.8,13.91,66.2
2025,Big Ten,7,Illinois,35,5,5,0.629,,114.8,102.7,12.1,28.7,63.8,0.451,9.4,30.1,0.313,0.524,16.7,21.9,0.762,12.9,42.6,14.9,4.3,4.2,11.7,16.2,74.8,21.59,12.79,72.3
2025,Big Ten,8,Oregon,35,7,4,0.714,,110.2,102.0,8.2,27.1,58.9,0.46,7.7,22.5,0.344,0.525,14.7,19.4,0.757,10.2,35.8,14.3,7.2,3.7,11.3,16.3,70.9,18.0,12.32,68.7
2025,Big Ten,9,Indiana,32,4,6,0.594,,107.7,103.9,3.8,27.2,59.4,0.458,6.3,19.8,0.321,0.511,13.9,19.7,0.706,10.9,36.4,15.9,5.8,3.3,11.6,16.6,72.0,14.63,12.0,69.1
2025,Big Ten,10,Ohio State,32,4,7,0.531,,112.4,104.9,7.5,27.4,58.9,0.466,8.2,22.2,0.368,0.535,15.8,21.1,0.748,9.5,33.7,13.2,6.5,3.6,10.9,19.6,73.5,17.86,12.58,68.5
2025,Big Ten,11,Rutgers,32,3,8,0.469,,108.8,109.6,-0.8,27.0,60.6,0.446,7.2,22.0,0.329,0.506,15.8,21.9,0.718,11.2,35.3,12.9,7.0,3.9,10.9,17.1,77.6,10.41,10.94,69.4
2025,Big Ten,12,Northwestern,33,2,9,0.515,,107.9,103.1,4.9,26.1,59.1,0.441,6.7,20.2,0.333,0.498,13.6,18.5,0.733,10.9,33.8,14.5,6.9,3.5,10.0,17.6,69.2,14.4,11.13,66.1
2025,Big Ten,13,Nebraska,35,5,7,0.6,,108.5,103.7,4.9,26.5,58.1,0.456,7.5,22.4,0.335,0.521,15.5,20.6,0.749,9.2,35.4,14.2,7.2,2.9,11.3,15.6,72.6,13.86,10.46,69.0
2025,Big Ten,14,USC,35,3,7,0.486,,110.4,107.4,3.0,27.3,56.4,0.485,7.2,19.6,0.365,0.548,14.9,20.1,0.741,8.6,31.7,15.5,6.3,3.1,12.3,17.7,74.6,12.97,10.86,69.0
2025,Big Ten,15,Minnesota,32,5,5,0.469,,104.6,107.2,-2.5,24.9,56.4,0.441,6.5,20.3,0.322,0.499,11.8,17.8,0.664,10.5,33.9,15.3,6.0,4.7,10.8,17.5,69.7,8.48,10.14,63.8
2025,Big Ten,16,Iowa,33,2,8,0.515,,115.1,111.2,3.9,30.6,62.6,0.49,9.8,25.7,0.38,0.568,11.5,16.2,0.705,8.7,32.0,18.3,6.6,4.2,9.8,15.4,79.7,12.85,10.06,71.4
2025,Big Ten,17,Penn State,31,3,8,0.516,,111.4,103.1,8.3,27.7,57.8,0.479,7.2,20.9,0.343,0.541,16.6,21.9,0.756,9.4,33.7,16.0,8.1,4.1,12.4,16.5,73.2,13.57,7.7,71.0
2025,Big Ten,18,Washington,31,2,9,0.419,,103.4,109.0,-5.6,25.4,57.1,0.445,7.0,20.4,0.344,0.506,13.7,20.1,0.682,9.5,32.6,12.9,6.5,3.9,12.0,18.4,75.5,6.26,10.76,68.6
2015,West Coast,1,Gonzaga,38,11,1,0.921,,120.3,94.3,26.0,28.5,54.8,0.52,6.9,17.4,0.4,0.584,14.7,21.2,0.691,10.3,37.9,16.3,5.9,3.3,10.4,16.8,61.7,21.12,5.12,65.2
2015,West Coast,2,BYU,35,8,3,0.714,,116.7,102.0,14.7,27.9,59.7,0.467,8.6,21.8,0.393,0.539,19.4,25.3,0.766,12.0,38.5,17.0,7.3,2.9,11.9,20.6,73.2,13.53,5.02,70.7
2015,West Coast,3,Saint Mary's,31,7,4,0.677,,108.8,100.8,8.0,24.3,53.1,0.457,7.3,19.5,0.373,0.526,13.3,18.6,0.715,10.6,36.0,15.0,5.1,2.3,12.1,17.5,64.0,8.68,3.78,62.5
2015,West Coast,4,Pepperdine,32,7,7,0.563,,98.3,95.9,2.3,22.0,52.1,0.423,4.5,14.5,0.313,0.466,14.6,19.7,0.741,9.4,33.2,13.3,6.3,3.4,12.3,17.6,61.6,3.86,2.8,64.2
2015,West Coast,5,San Diego,31,4,8,0.484,,101.4,98.5,2.9,22.3,52.8,0.422,6.2,18.1,0.342,0.48,14.0,20.4,0.687,10.4,32.8,12.5,6.4,3.8,11.8,19.9,62.9,5.03,3.47,63.3
2015,West Coast,6,Portland,33,5,7,0.515,,106.9,104.1,2.9,24.5,55.3,0.444,6.5,17.4,0.376,0.503,14.5,20.2,0.717,11.8,35.5,14.7,5.8,4.5,12.2,18.5,68.3,3.06,2.67,64.6
2015,West Coast,7,San Francisco,32,4,8,0.438,,104.8,102.5,2.3,24.5,54.2,0.451,6.3,18.6,0.341,0.51,13.9,22.2,0.629,10.6,34.8,13.8,5.8,2.5,11.8,20.2,67.7,3.08,2.83,65.6
2015,West Coast,8,Santa Clara,32,3,9,0.438,,102.9,108.5,-5.5,22.2,52.3,0.424,6.9,19.9,0.349,0.491,12.0,16.3,0.737,9.3,29.9,11.8,5.6,1.8,10.6,18.7,66.8,-0.38,4.12,61.3
2015,West Coast,9,Loyola Marymount,31,2,11,0.258,,98.1,111.3,-13.2,21.9,52.3,0.418,5.2,14.6,0.354,0.467,13.3,18.7,0.71,11.3,32.6,12.5,6.1,3.5,13.6,17.4,70.6,-4.13,5.28,62.9
2015,West Coast,10,Pacific,31,5,8,0.387,,102.5,108.6,-6.1,22.0,52.7,0.417,6.5,18.8,0.346,0.479,13.9,21.5,0.648,12.4,34.7,11.7,4.0,2.4,12.6,21.5,68.2,-3.19,3.31,62.0
2016,West Coast,1,Gonzaga,36,9,2,0.778,,115.4,95.9,19.5,28.1,57.8,0.486,7.8,20.5,0.381,0.553,14.9,19.7,0.758,10.6,39.6,13.9,5.1,3.1,11.6,17.3,65.6,16.92,4.23,68.1
2016,West Coast,2,Saint Mary's,35,7,4,0.829,,118.1,97.7,20.4,27.2,53.9,0.504,8.7,21.3,0.406,0.584,10.6,15.4,0.688,8.9,35.0,16.7,4.8,3.4,9.6,15.4,60.9,13.6,1.24,62.3
2016,West Coast,3,BYU,37,6,6,0.703,,112.6,98.0,14.6,29.6,64.0,0.463,8.9,23.3,0.382,0.532,15.4,22.4,0.69,11.9,40.9,16.5,6.9,4.4,11.7,18.6,72.8,12.36,2.36,74.0
2016,West Coast,4,Pepperdine,32,6,8,0.563,,105.9,103.1,2.8,26.3,58.2,0.451,5.1,14.7,0.345,0.495,15.8,23.6,0.672,11.0,36.9,14.3,5.8,2.9,11.2,18.6,71.5,2.33,1.68,68.3
2016,West Coast,5,San Francisco,30,5,7,0.5,,107.8,109.3,-1.5,26.9,61.3,0.439,7.8,22.0,0.354,0.503,16.0,23.6,0.678,12.9,39.4,12.4,5.4,2.9,12.6,20.6,78.7,-2.92,-0.68,70.9
2016,West Coast,6,Santa Clara,31,3,9,0.355,,99.2,108.2,-9.0,23.0,56.2,0.41,7.5,21.8,0.344,0.476,13.7,19.1,0.718,9.0,33.8,12.4,4.3,2.7,11.3,19.8,73.3,-4.67,1.86,66.4
2016,West Coast,7,Loyola Marymount,31,5,10,0.452,,102.7,107.9,-5.2,25.7,61.4,0.418,7.3,21.6,0.339,0.478,12.5,17.3,0.726,11.3,33.8,15.5,6.8,2.9,11.4,20.4,74.8,-3.63,0.87,68.0
2016,West Coast,8,Pacific,28,2,11,0.286,,100.8,104.0,-3.2,24.5,55.7,0.439,6.8,20.6,0.33,0.5,13.9,20.5,0.675,10.1,35.5,12.9,4.5,2.5,13.7,22.8,71.8,-3.57,2.35,67.8
2016,West Coast,9,Portland,32,3,9,0.375,,106.3,109.3,-3.0,27.1,62.9,0.431,9.0,24.6,0.367,0.503,14.3,19.8,0.724,11.5,35.3,13.3,6.5,4.0,12.2,21.8,79.8,-2.21,0.56,72.7
2016,West Coast,10,San Diego,30,1,11,0.3,,91.2,103.8,-12.6,21.0,53.8,0.39,6.4,22.4,0.285,0.45,12.3,18.6,0.662,9.6,33.2,10.9,4.6,3.9,13.7,21.3,69.1,-7.78,1.42,66.6
2017,West Coast,1,Gonzaga,39,9,0,0.949,,116.5,86.7,29.8,29.5,58.5,0.504,7.3,19.2,0.382,0.567,16.4,22.8,0.717,9.7,40.7,15.3,6.8,4.7,11.5,16.9,61.5,25.26,4.13,70.9
2017,West Coast,2,Saint Mary's,34,10,1,0.853,,117.6,93.8,23.8,26.2,52.9,0.496,8.6,21.9,0.394,0.578,10.9,14.7,0.745,9.5,35.4,16.6,4.2,3.2,10.7,15.1,57.5,16.75,2.19,61.3
2017,West Coast,3,BYU,34,5,4,0.647,,106.7,98.3,8.4,27.6,60.5,0.456,6.8,19.6,0.344,0.511,18.7,25.6,0.733,10.7,41.7,15.7,6.6,4.6,13.8,19.3,74.3,8.22,1.87,75.6
2017,West Coast,4,San Francisco,33,5,7,0.606,,103.2,97.1,6.1,26.3,58.6,0.449,9.1,25.9,0.35,0.526,9.9,15.6,0.636,9.5,36.0,13.0,6.7,2.8,12.6,19.4,67.3,3.8,0.42,69.4
2017,West Coast,5,Santa Clara,33,5,7,0.515,,103.1,101.0,2.2,23.6,54.1,0.436,9.6,25.2,0.382,0.525,10.0,13.7,0.732,6.2,29.7,14.1,5.2,2.0,10.3,18.7,65.4,2.69,2.03,63.8
2017,West Coast,6,Loyola Marymount,30,5,7,0.5,,101.7,102.3,-0.6,26.0,58.5,0.444,7.2,20.5,0.353,0.506,11.3,18.2,0.62,11.1,34.1,14.8,7.6,4.0,13.2,20.3,70.8,-0.47,1.6,69.0
2017,West Coast,7,San Diego,31,6,7,0.419,,98.8,107.8,-9.0,21.5,52.8,0.407,8.3,23.9,0.348,0.486,14.0,19.5,0.721,8.2,33.2,12.1,3.9,1.7,12.2,19.4,71.3,-5.78,0.92,64.8
2017,West Coast,8,Pepperdine,31,1,12,0.29,,98.9,115.0,-16.2,26.0,58.4,0.446,5.7,15.5,0.369,0.495,11.2,17.5,0.641,9.5,33.3,13.5,5.1,2.7,12.5,17.1,80.3,-10.0,1.87,69.8
2017,West Coast,9,Pacific,33,2,12,0.333,,97.9,105.3,-7.3,23.8,58.8,0.404,5.6,17.0,0.33,0.452,13.7,20.3,0.675,11.7,37.1,12.0,4.2,1.9,11.7,20.9,71.8,-4.57,2.09,68.0
2017,West Coast,10,Portland,33,2,9,0.333,,98.3,105.8,-7.5,23.0,54.3,0.423,6.5,17.4,0.373,0.482,14.7,19.8,0.74,8.4,33.3,9.8,4.9,3.4,12.8,17.6,72.2,-5.81,2.32,67.5
2018,West Coast,1,Gonzaga,37,10,1,0.865,,118.2,95.8,22.4,30.4,61.1,0.498,8.9,24.1,0.368,0.57,13.9,19.6,0.708,11.2,39.9,15.2,6.3,3.6,11.4,17.1,67.7,18.44,2.6,69.7
2018,West Coast,2,Saint Mary's,36,11,1,0.833,,119.8,100.3,19.5,28.2,54.7,0.515,7.9,19.2,0.41,0.587,12.8,16.6,0.769,8.3,33.7,15.5,4.4,2.6,9.9,15.4,64.5,12.86,0.33,63.6
2018,West Coast,3,BYU,35,7,6,0.686,,108.2,98.7,9.5,26.3,54.4,0.482,6.4,18.5,0.347,0.541,15.3,20.5,0.75,6.9,32.7,15.2,6.4,3.8,11.5,17.0,67.8,8.05,1.53,67.9
2018,West Coast,4,Pacific,32,6,9,0.438,,105.6,107.2,-1.7,25.1,55.7,0.451,4.7,14.3,0.329,0.494,16.3,22.3,0.729,10.4,33.9,12.3,6.2,4.0,11.5,18.2,72.4,-0.55,1.8,67.0
2018,West Coast,5,San Diego,34,8,6,0.588,,103.6,98.3,5.3,23.6,52.2,0.452,8.5,23.4,0.364,0.533,14.5,20.4,0.711,7.4,32.9,14.0,5.5,4.1,13.1,20.6,66.6,2.86,0.5,67.2
2018,West Coast,6,San Francisco,39,4,9,0.564,,101.6,101.4,0.2,24.4,57.8,0.422,8.5,25.3,0.338,0.496,11.5,17.0,0.676,10.1,35.7,13.5,5.4,3.6,11.9,19.1,68.7,1.13,1.63,67.3
2018,West Coast,7,Santa Clara,31,5,5,0.355,,100.7,109.3,-8.6,23.2,54.0,0.429,7.5,22.0,0.34,0.498,12.3,16.9,0.725,7.8,28.6,13.0,5.4,2.4,11.3,17.3,71.7,-7.01,0.61,65.4
2018,West Coast,8,Loyola Marymount,31,3,12,0.355,,105.1,111.8,-6.8,25.9,58.5,0.443,6.5,18.5,0.348,0.498,13.6,19.1,0.71,12.1,32.6,14.2,7.0,2.3,13.1,19.6,76.4,-4.34,1.09,67.8
2018,West Coast,9,Portland,32,3,9,0.313,,100.5,107.3,-6.8,24.4,54.5,0.448,8.0,20.8,0.383,0.521,12.6,18.6,0.678,6.4,31.7,12.1,5.2,4.0,12.0,18.0,74.1,-6.6,2.43,68.5
2018,West Coast,10,Pepperdine,32,0,14,0.188,,104.4,115.1,-10.7,25.7,57.2,0.449,5.8,16.9,0.343,0.5,14.2,20.2,0.701,10.1,33.7,14.0,4.8,2.2,11.8,18.0,78.6,-6.5,1.82,67.8
2019,West Coast,1,Gonzaga,37,9,1,0.892,,122.2,90.4,31.8,31.8,60.5,0.526,7.8,21.4,0.363,0.59,16.3,21.4,0.761,9.6,39.0,18.1,7.5,5.5,10.6,16.3,64.9,27.79,5.01,71.7
2019,West Coast,2,BYU,32,5,8,0.594,,108.5,104.6,3.9,27.4,58.7,0.468,7.1,21.4,0.33,0.528,17.0,23.4,0.727,8.2,34.9,15.1,6.3,3.3,11.1,19.5,76.1,6.15,3.31,71.9
2019,West Coast,3,Saint Mary's,34,5,5,0.647,,112.2,99.6,12.7,26.4,56.0,0.472,7.4,19.7,0.378,0.538,12.1,16.3,0.742,9.7,34.7,10.0,5.9,2.6,10.4,16.8,64.3,12.58,4.4,64.3
2019,West Coast,4,San Francisco,31,6,5,0.677,,112.0,99.8,12.2,27.9,59.7,0.467,8.3,23.5,0.355,0.536,12.0,18.3,0.655,11.0,36.7,14.2,6.1,3.4,10.4,17.5,67.8,8.56,1.13,67.3
2019,West Coast,5,Loyola Marymount,34,8,7,0.647,,102.8,95.9,6.9,24.0,52.9,0.454,4.8,15.0,0.32,0.499,14.1,19.0,0.746,9.2,32.3,13.5,7.4,3.0,12.5,17.7,62.5,2.93,0.9,65.2
2019,West Coast,6,Santa Clara,31,4,6,0.516,,100.0,102.7,-2.7,23.7,53.3,0.445,7.7,21.4,0.36,0.517,13.1,18.3,0.716,7.8,33.1,13.4,4.7,3.6,14.0,19.3,70.1,-1.91,0.92,67.4
2019,West Coast,7,San Diego,36,5,9,0.583,,104.4,98.9,5.5,25.4,55.6,0.457,7.9,22.4,0.351,0.527,13.3,17.8,0.747,8.1,34.4,14.3,5.7,3.1,12.9,18.5,68.2,6.12,3.61,68.0
2019,West Coast,8,Pepperdine,34,2,11,0.471,,106.3,104.5,1.8,25.4,57.3,0.444,9.2,24.1,0.382,0.524,15.6,20.5,0.76,8.5,31.9,14.1,6.7,2.8,12.7,18.8,74.4,0.9,0.63,70.7
2019,West Coast,9,Pacific,32,5,10,0.438,,99.4,104.2,-4.8,22.2,52.5,0.422,6.2,17.7,0.35,0.481,16.3,21.8,0.745,8.9,32.5,10.2,6.2,1.4,13.2,19.7,70.0,-2.46,1.97,66.7
2019,West Coast,10,Portland,32,1,12,0.219,,94.2,108.3,-14.1,22.1,53.4,0.414,6.8,20.8,0.325,0.477,14.0,20.9,0.671,7.3,32.3,11.5,5.5,3.8,13.3,18.4,74.7,-10.8,0.51,68.4
2021,West Coast,1,Gonzaga,32,7,0,0.969,,121.5,93.1,28.4,33.7,61.4,0.549,7.5,20.4,0.368,0.61,16.0,22.0,0.73,9.0,37.2,18.8,7.9,2.8,12.0,16.3,69.7,27.2,5.92,74.6
2021,West Coast,2,BYU,27,7,2,0.741,,109.8,96.4,13.3,28.7,59.6,0.483,8.7,23.4,0.373,0.556,11.9,16.4,0.725,9.4,39.2,16.1,4.6,2.8,13.2,18.0,68.6,15.19,7.23,70.2
2021,West Coast,3,Loyola Marymount,22,4,5,0.591,,101.9,99.7,2.2,23.9,52.1,0.458,6.1,18.2,0.338,0.517,15.6,21.5,0.726,9.8,35.1,12.7,4.7,2.6,16.0,19.0,68.0,5.55,4.05,67.8
2021,West Coast,4,Pepperdine,27,3,5,0.556,,104.5,100.1,4.4,27.6,59.6,0.463,6.9,21.2,0.326,0.521,14.9,18.9,0.785,8.1,35.1,16.3,6.5,3.2,13.1,19.0,73.6,5.65,5.01,72.2
2021,West Coast,5,Pacific,18,3,6,0.5,,99.0,100.2,-1.3,26.6,60.7,0.438,5.2,17.3,0.299,0.481,11.4,16.8,0.679,10.1,34.6,12.9,6.4,3.4,11.9,18.6,70.7,2.64,5.23,69.1
2021,West Coast,6,Saint Mary's,24,2,3,0.583,,97.5,95.1,2.5,23.4,55.5,0.422,6.2,21.0,0.294,0.478,11.3,15.3,0.734,8.5,34.4,10.7,6.0,3.1,11.3,16.7,62.6,8.05,6.43,65.9
2021,West Coast,7,San Francisco,25,4,6,0.44,,102.8,99.7,3.1,25.9,60.6,0.427,10.4,30.5,0.34,0.513,9.3,13.0,0.719,9.0,33.2,11.9,7.2,3.3,11.7,19.3,69.3,6.0,3.84,69.5
2021,West Coast,8,Santa Clara,20,4,3,0.6,,96.6,98.0,-1.3,24.3,56.1,0.434,5.5,18.0,0.306,0.483,15.6,22.8,0.684,8.2,36.5,12.0,4.4,3.9,13.0,17.9,70.6,-0.05,2.16,72.1
2021,West Coast,9,San Diego,14,3,5,0.214,,90.9,105.8,-14.9,25.1,60.5,0.416,5.9,19.3,0.304,0.464,10.1,15.5,0.65,8.0,33.5,13.2,6.7,3.4,13.2,18.0,77.1,-5.22,5.64,72.2
2021,West Coast,10,Portland,21,1,6,0.286,,94.6,113.3,-18.7,23.2,56.5,0.411,7.3,21.5,0.339,0.476,15.7,20.3,0.775,6.6,28.6,11.9,6.3,2.9,13.9,16.2,83.2,-12.58,5.08,73.0
2022,West Coast,1,Gonzaga,32,5,1,0.875,,118.1,89.7,28.4,32.7,62.6,0.521,8.2,22.1,0.37,0.587,13.7,19.2,0.713,9.7,41.9,18.1,6.4,5.8,11.6,15.5,66.2,25.46,4.5,73.8
2022,West Coast,2,Saint Mary's,34,6,4,0.765,,106.5,92.6,13.9,26.1,56.3,0.464,7.2,20.5,0.353,0.528,10.2,13.5,0.758,8.6,33.7,13.5,6.9,2.5,11.2,15.6,60.6,14.82,6.58,65.5
2022,West Coast,3,San Francisco,34,7,2,0.706,,108.7,95.2,13.5,27.8,60.7,0.457,9.6,27.5,0.35,0.537,12.2,17.6,0.694,10.6,37.9,13.0,7.7,4.6,12.8,18.1,67.8,14.12,5.24,70.9
2022,West Coast,4,Santa Clara,33,5,6,0.636,,107.8,100.4,7.5,28.8,59.4,0.484,7.2,19.1,0.378,0.545,12.5,16.4,0.762,7.5,35.5,15.1,6.0,3.8,11.5,15.0,71.9,8.98,3.61,71.4
2022,West Coast,5,BYU,35,6,5,0.686,,106.7,98.2,8.5,27.4,60.0,0.457,8.0,22.7,0.353,0.524,11.4,15.9,0.718,10.7,39.3,14.7,4.8,3.2,12.6,17.7,68.3,10.05,5.23,69.1
2022,West Coast,6,Portland,34,6,9,0.559,,102.7,99.9,2.8,25.2,57.7,0.437,7.8,22.2,0.35,0.504,16.0,20.2,0.791,8.2,36.2,14.3,5.1,2.5,13.2,16.4,72.2,-1.71,-1.11,72.0
2022,West Coast,7,San Diego,31,5,8,0.484,,96.9,99.0,-2.1,24.8,58.0,0.428,5.5,16.4,0.335,0.476,10.7,14.9,0.715,9.6,35.9,9.9,5.1,3.7,12.5,15.9,67.3,-3.32,1.48,67.4
2022,West Coast,8,Loyola Marymount,29,3,9,0.379,,101.8,108.8,-7.0,24.8,54.5,0.454,7.2,21.0,0.345,0.521,12.6,17.4,0.719,7.9,29.7,11.1,5.4,1.7,13.3,17.8,74.1,-1.93,3.25,67.5
2022,West Coast,9,Pacific,30,0,13,0.267,,94.3,104.2,-9.8,23.7,57.0,0.415,6.1,19.1,0.318,0.468,12.5,18.2,0.686,8.1,32.8,11.4,6.4,2.6,12.3,16.5,72.7,-8.02,0.41,69.5
2022,West Coast,10,Pepperdine,32,0,13,0.219,,94.4,107.2,-12.8,25.3,60.5,0.418,7.3,21.3,0.34,0.478,10.3,14.4,0.718,9.9,34.5,14.8,5.7,2.3,14.7,17.9,77.5,-7.04,3.42,71.7
2023,West Coast,1,Gonzaga,37,7,2,0.838,,119.5,101.8,17.7,32.1,61.7,0.521,7.5,19.9,0.379,0.582,14.4,20.8,0.693,10.4,37.2,16.3,7.2,3.4,10.7,16.6,73.4,18.99,8.04,71.9
2023,West Coast,2,Saint Mary's,35,6,2,0.771,,109.6,93.3,16.3,25.4,55.8,0.455,7.5,20.6,0.365,0.522,12.4,17.9,0.694,10.6,35.3,12.5,6.8,3.5,10.7,16.5,60.1,17.41,7.18,63.8
2023,West Coast,3,Santa Clara,33,6,3,0.697,,106.8,101.5,5.3,27.8,61.4,0.454,8.3,22.5,0.371,0.521,12.9,18.3,0.704,10.6,38.2,13.9,5.9,3.8,12.5,15.7,73.1,8.55,5.05,71.2
2023,West Coast,4,Loyola Marymount,31,4,7,0.613,,107.6,104.4,3.2,26.8,59.1,0.454,9.3,25.5,0.365,0.533,12.3,18.4,0.671,10.6,36.1,11.8,5.5,2.8,12.8,19.4,73.1,4.98,4.32,69.1
2023,West Coast,5,BYU,34,2,7,0.559,,106.1,98.2,7.9,26.9,59.1,0.455,8.1,23.9,0.34,0.523,13.7,19.1,0.717,11.0,37.4,14.7,7.4,4.0,14.1,19.4,69.9,9.43,5.4,70.9
2023,West Coast,6,Pacific,33,7,7,0.455,,106.3,109.0,-2.7,26.3,58.2,0.452,9.0,23.1,0.39,0.529,14.2,19.7,0.72,8.1,31.6,12.7,5.4,2.6,11.8,19.0,77.7,-0.56,2.05,70.8
2023,West Coast,7,San Francisco,34,5,6,0.588,,107.4,103.5,3.9,26.0,58.1,0.447,10.3,28.4,0.361,0.535,14.0,18.7,0.75,9.6,34.5,12.8,6.8,2.5,13.8,18.5,73.4,6.0,3.63,70.4
2023,West Coast,8,Portland,33,2,10,0.424,,108.5,109.7,-1.2,25.3,55.7,0.455,9.6,25.6,0.375,0.541,17.5,23.5,0.745,8.1,32.8,14.8,5.0,2.3,12.7,17.5,78.6,1.68,4.13,71.1
2023,West Coast,9,San Diego,31,3,8,0.355,,108.6,113.4,-4.7,27.4,60.7,0.451,7.9,22.3,0.353,0.516,14.5,18.9,0.765,10.1,33.1,12.8,6.7,1.8,11.5,17.6,80.5,-2.06,3.28,70.4
2023,West Coast,10,Pepperdine,31,0,12,0.29,,103.8,108.2,-4.4,29.0,62.3,0.465,8.2,22.5,0.362,0.531,11.9,16.7,0.71,9.2,35.8,15.1,5.4,3.8,14.1,17.7,81.3,-0.12,4.71,73.9
2024,West Coast,1,Saint Mary's,34,9,0,0.765,,115.2,92.2,23.0,27.5,59.0,0.466,7.6,21.6,0.352,0.531,11.4,16.8,0.676,13.2,39.6,16.2,6.6,3.8,10.2,16.4,59.2,16.31,3.46,63.8
2024,West Coast,2,Gonzaga,35,8,2,0.771,,121.1,99.1,22.1,32.0,61.8,0.518,6.9,19.3,0.361,0.574,13.6,18.9,0.721,10.8,38.7,16.7,6.7,3.9,9.8,15.6,69.1,17.93,4.02,69.8
2024,West Coast,3,San Francisco,34,6,6,0.676,,112.7,96.5,16.3,29.3,60.1,0.487,8.6,24.3,0.355,0.558,10.6,14.0,0.755,9.4,34.1,16.3,8.2,3.4,11.5,18.3,66.5,9.68,0.23,68.5
2024,West Coast,4,Santa Clara,33,5,6,0.606,,109.8,103.1,6.7,27.6,60.1,0.46,8.2,23.2,0.354,0.528,13.4,18.8,0.715,12.0,39.3,15.1,4.8,2.7,12.8,17.7,72.2,5.39,1.73,69.8
2024,West Coast,5,San Diego,33,4,7,0.545,,100.7,107.4,-6.7,25.7,59.9,0.429,7.1,20.5,0.344,0.488,14.0,19.2,0.728,10.0,34.2,13.1,7.2,3.8,13.2,19.0,77.3,-5.31,0.33,72.0
2024,West Coast,6,Loyola Marymount,31,3,7,0.387,,109.0,107.6,1.5,25.9,57.8,0.448,8.4,22.9,0.368,0.521,12.2,16.7,0.73,9.9,34.9,11.9,3.7,2.6,10.7,16.3,71.4,-0.06,0.31,66.4
2024,West Coast,7,Pepperdine,33,3,8,0.394,,106.4,108.2,-1.8,26.3,58.3,0.451,6.8,18.9,0.361,0.51,13.4,19.0,0.704,10.1,33.8,13.3,5.1,2.7,11.2,16.3,74.0,-2.14,0.7,68.4
2024,West Coast,8,Portland,33,2,11,0.364,,103.3,114.7,-11.5,25.0,57.3,0.437,8.8,25.5,0.347,0.514,12.6,17.6,0.716,8.4,33.7,13.5,4.1,2.2,11.9,14.8,79.5,-8.2,1.54,69.0
2024,West Coast,9,Pacific,32,1,13,0.188,,92.7,114.3,-21.6,22.7,55.1,0.411,6.3,20.1,0.316,0.469,13.1,20.3,0.643,6.5,27.3,13.2,6.1,2.0,11.8,17.2,79.8,-17.42,-0.15,69.3
2025,West Coast,1,Saint Mary's,35,9,1,0.829,,113.6,95.2,18.4,26.9,59.7,0.45,6.4,19.9,0.319,0.504,12.8,18.4,0.695,14.0,39.7,15.1,6.1,4.0,9.7,14.9,61.1,17.43,6.46,63.7
2025,West Coast,2,Gonzaga,35,8,2,0.743,,121.5,98.3,23.2,31.7,63.2,0.501,7.5,21.2,0.354,0.56,15.6,19.4,0.804,11.0,38.3,19.7,7.5,3.0,9.5,16.8,69.9,23.75,7.27,70.4
2025,West Coast,3,San Francisco,35,5,5,0.714,,109.7,99.8,9.9,26.5,58.5,0.454,8.6,25.5,0.339,0.528,14.3,20.1,0.711,10.4,35.6,13.9,6.6,3.3,11.7,18.8,69.1,10.46,3.87,69.0
2025,West Coast,4,Santa Clara,34,6,5,0.618,,115.7,103.0,12.7,29.1,61.7,0.472,10.9,28.6,0.382,0.56,12.8,17.6,0.727,11.3,37.9,17.3,6.5,3.0,11.9,16.4,73.0,13.22,4.25,70.1
2025,West Coast,5,Oregon State,33,3,7,0.606,,115.8,104.8,11.0,26.4,54.7,0.483,7.0,19.4,0.363,0.548,16.4,20.8,0.786,9.5,33.7,14.5,6.5,3.1,11.0,15.8,69.0,8.62,2.24,65.1
2025,West Coast,6,Loyola Marymount,32,3,8,0.531,,103.6,104.1,-0.5,25.7,58.4,0.44,7.9,23.6,0.334,0.507,12.0,16.6,0.724,7.8,33.4,13.2,5.8,3.9,10.4,16.5,71.6,1.2,2.94,68.7
2025,West Coast,7,Washington State,34,4,7,0.559,,109.8,109.3,0.5,28.5,58.0,0.491,8.7,23.9,0.362,0.566,13.3,19.0,0.701,9.9,34.2,16.9,6.4,4.9,14.6,19.0,78.6,4.67,4.32,71.6
2025,West Coast,8,Portland,32,3,9,0.375,,103.4,114.0,-10.6,25.2,57.6,0.437,8.5,24.6,0.345,0.511,14.1,18.2,0.777,8.3,33.8,15.5,4.7,3.1,12.8,15.2,80.4,-7.29,2.17,69.5
2025,West Coast,9,Pacific,33,2,13,0.273,,101.3,110.3,-9.0,24.8,57.1,0.435,6.4,21.4,0.3,0.491,13.5,18.6,0.725,10.4,35.0,12.8,5.7,2.8,13.1,18.5,75.8,-7.11,2.09,68.2
2025,West Coast,10,Pepperdine,35,2,11,0.371,,105.3,110.2,-5.0,26.4,59.4,0.444,7.0,20.6,0.341,0.503,13.4,18.7,0.716,10.0,35.0,15.9,6.1,2.7,11.0,15.7,76.6,-2.82,2.56,69.5
2025,West Coast,11,San Diego,33,0,12,0.182,,98.0,111.3,-13.3,24.8,61.1,0.407,6.4,21.8,0.293,0.459,14.0,18.7,0.752,11.5,34.3,11.4,7.4,3.6,13.3,21.0,79.7,-8.37,1.63,71.6
2015,SEC,1,Kentucky,39,10,0,0.974,,115.5,84.4,31.2,25.8,55.1,0.468,5.2,14.9,0.349,0.515,17.6,24.2,0.726,12.6,38.0,14.2,6.5,6.9,10.5,17.1,54.3,28.72,8.67,63.8
2015,SEC,2,Arkansas,36,7,5,0.75,,109.6,99.3,10.3,27.2,61.0,0.445,6.6,18.9,0.349,0.5,16.5,22.8,0.724,13.1,35.8,16.1,7.7,4.7,11.9,19.0,70.1,14.07,6.79,70.1
2015,SEC,3,Georgia,33,8,4,0.636,,102.8,97.0,5.8,22.6,52.4,0.432,5.6,16.3,0.342,0.485,17.3,25.0,0.692,10.9,38.2,12.5,5.5,4.6,12.7,18.4,64.4,12.42,8.6,64.8
2015,SEC,4,LSU,33,8,3,0.667,,103.1,95.0,8.1,27.0,59.5,0.455,5.7,16.9,0.339,0.503,13.6,19.9,0.684,12.2,39.2,15.6,7.3,6.2,14.4,15.6,67.7,11.39,5.63,69.6
2015,SEC,5,Ole Miss,34,8,4,0.618,,107.9,101.4,6.5,24.9,58.9,0.423,6.5,19.5,0.332,0.478,16.4,21.3,0.773,12.6,37.8,13.2,6.6,3.8,11.1,19.6,68.4,11.39,7.01,67.0
2015,SEC,6,Texas A&M,33,5,6,0.636,,104.6,97.1,7.4,24.4,53.9,0.453,5.5,15.8,0.347,0.504,13.5,20.5,0.658,11.3,36.3,14.7,5.6,2.9,12.4,18.0,62.9,10.73,5.91,64.3
2015,SEC,7,Vanderbilt,35,5,8,0.6,,109.8,100.0,9.8,23.9,50.7,0.472,7.3,18.6,0.392,0.544,15.5,21.8,0.708,9.7,33.8,15.5,4.8,5.3,12.9,17.2,64.3,11.89,6.22,63.5
2015,SEC,8,Alabama,34,4,8,0.559,,105.4,100.8,4.6,22.4,50.7,0.441,6.5,20.5,0.317,0.505,15.9,22.1,0.717,9.6,33.0,10.3,6.4,3.7,12.0,19.2,64.1,10.52,8.09,63.1
2015,SEC,9,Florida,33,2,9,0.485,,100.6,94.9,5.7,23.2,53.4,0.434,6.6,20.4,0.323,0.496,10.6,16.8,0.635,10.5,33.2,13.1,6.9,3.6,12.4,16.9,60.1,13.27,9.67,62.8
2015,SEC,10,Tennessee,32,5,5,0.5,,103.0,104.5,-1.5,22.7,53.3,0.425,6.1,18.3,0.331,0.482,11.9,17.2,0.691,12.4,32.5,10.9,7.7,3.4,12.1,19.5,64.2,7.23,8.16,61.2
2015,SEC,11,Mississippi State,32,3,8,0.406,,96.4,99.1,-2.7,20.9,48.7,0.43,4.2,13.6,0.306,0.472,15.8,22.7,0.696,10.1,34.3,8.7,6.4,2.8,14.8,18.9,63.5,2.53,4.72,64.1
2015,SEC,12,South Carolina,33,3,7,0.515,,99.6,94.9,4.6,22.3,55.1,0.404,5.5,18.2,0.301,0.454,15.0,20.4,0.737,12.3,35.7,13.2,6.3,4.0,12.8,19.2,62.0,10.55,8.24,65.3
2015,SEC,13,Auburn,35,2,10,0.429,,99.1,105.1,-6.0,21.7,53.7,0.404,7.2,20.8,0.347,0.471,17.3,26.0,0.666,10.2,31.5,10.7,6.8,2.5,12.9,20.2,72.1,3.27,8.15,67.9
2015,SEC,14,Missouri,32,1,10,0.281,,94.7,106.3,-11.6,21.3,52.9,0.403,6.1,18.6,0.329,0.461,11.7,17.5,0.666,10.2,32.8,10.7,5.6,2.8,13.0,19.5,67.9,1.13,9.26,63.4
2016,SEC,1,Kentucky,36,4,7,0.75,,115.6,99.0,16.6,28.6,59.7,0.478,6.8,18.5,0.366,0.535,15.6,22.6,0.69,12.8,38.8,14.2,5.7,5.8,10.8,20.4,68.1,20.23,8.84,68.1
2016,SEC,2,Texas A&M,37,5,5,0.757,,109.9,95.6,14.4,26.8,59.7,0.449,7.6,22.3,0.341,0.512,15.3,22.7,0.672,12.9,39.5,16.5,7.0,3.6,11.7,18.1,66.4,18.45,8.45,68.6
2016,SEC,3,LSU,33,3,8,0.576,,107.3,104.9,2.4,27.7,60.3,0.46,6.2,18.8,0.327,0.511,17.2,25.9,0.665,11.2,37.3,15.4,8.0,2.7,11.9,18.5,77.1,8.79,7.0,72.9
2016,SEC,4,South Carolina,34,5,5,0.735,,105.6,96.3,9.2,25.9,60.0,0.432,6.4,18.1,0.352,0.485,17.7,26.0,0.683,13.9,40.4,13.6,6.8,4.4,13.6,19.8,69.3,12.01,5.83,71.4
2016,SEC,5,Vanderbilt,33,3,9,0.576,,109.0,96.8,12.2,26.0,56.9,0.456,8.3,21.6,0.382,0.529,15.7,22.6,0.695,9.5,38.6,14.8,4.2,5.5,11.7,19.2,67.4,17.2,8.68,69.2
2016,SEC,6,Georgia,34,3,9,0.588,,102.8,101.4,1.4,23.5,55.6,0.422,6.5,17.6,0.368,0.48,17.1,24.2,0.708,11.6,38.8,12.5,4.8,5.1,13.2,20.7,69.7,9.41,8.47,68.2
2016,SEC,7,Ole Miss,32,7,7,0.625,,106.5,102.1,4.4,24.9,59.9,0.415,7.9,23.3,0.338,0.481,17.5,24.7,0.709,13.3,38.4,12.9,7.6,3.1,12.1,19.8,72.1,7.91,4.81,70.0
2016,SEC,8,Arkansas,32,3,8,0.5,,107.5,102.7,4.8,27.6,62.3,0.443,6.8,17.0,0.397,0.497,16.2,23.4,0.694,11.7,37.1,16.2,7.3,5.2,11.2,21.5,74.7,10.23,6.76,71.3
2016,SEC,9,Florida,36,6,9,0.583,,105.7,97.9,7.8,25.8,60.7,0.425,7.2,22.5,0.319,0.484,15.5,24.0,0.648,13.1,39.9,13.3,6.5,4.2,11.3,19.4,68.9,14.69,9.19,70.1
2016,SEC,10,Alabama,33,5,8,0.545,,99.7,102.0,-2.2,22.4,53.0,0.422,7.8,23.1,0.339,0.496,13.9,21.6,0.643,9.9,34.6,10.5,5.8,5.3,13.3,19.1,67.9,7.14,8.62,66.1
2016,SEC,11,Mississippi State,31,2,9,0.452,,106.4,103.3,3.1,27.4,60.1,0.456,7.3,21.7,0.334,0.517,12.8,17.7,0.725,10.5,35.4,13.9,6.5,4.3,12.7,19.2,72.8,8.18,6.02,70.2
2016,SEC,12,Tennessee,34,1,11,0.441,,105.9,106.0,-0.1,26.2,62.2,0.421,7.4,22.6,0.327,0.48,15.4,21.2,0.725,12.6,38.0,13.5,5.3,4.6,11.2,19.5,75.2,7.8,7.86,70.9
2016,SEC,13,Auburn,31,2,11,0.355,,97.1,107.3,-10.1,23.4,58.7,0.398,8.8,25.8,0.34,0.473,15.2,24.1,0.633,11.2,36.6,11.4,5.4,4.1,13.8,21.2,78.1,0.15,7.54,72.5
2016,SEC,14,Missouri,31,0,11,0.323,,99.0,105.3,-6.3,23.6,56.0,0.422,5.6,18.2,0.31,0.472,15.7,22.2,0.708,9.5,35.8,11.7,5.5,2.6,12.5,20.5,73.0,2.5,6.88,69.3
2017,SEC,1,Kentucky,38,7,3,0.842,,113.8,95.9,18.0,29.8,63.1,0.473,7.0,19.9,0.353,0.529,18.2,25.8,0.704,12.4,39.8,15.4,6.0,5.3,11.7,18.8,71.5,23.88,10.49,74.3
2017,SEC,2,Florida,36,8,4,0.75,,110.0,93.9,16.1,26.5,58.8,0.45,7.7,21.6,0.358,0.516,17.2,23.6,0.729,11.6,37.0,12.5,7.6,4.6,12.0,18.4,66.5,22.4,11.01,70.1
2017,SEC,3,Arkansas,36,6,5,0.722,,110.7,103.1,7.6,27.7,60.1,0.461,6.5,17.7,0.365,0.514,17.4,22.9,0.761,11.1,36.1,13.8,7.7,4.7,11.9,20.5,73.9,14.04,8.6,71.7
2017,SEC,4,South Carolina,37,6,5,0.703,,102.9,91.8,11.1,25.0,59.4,0.421,6.7,19.8,0.338,0.477,16.5,23.6,0.699,12.5,36.4,12.6,7.8,3.8,13.0,20.3,65.2,17.52,10.16,69.9
2017,SEC,5,Alabama,34,5,6,0.559,,100.2,94.6,5.6,23.8,56.1,0.424,6.6,20.9,0.317,0.483,14.3,21.9,0.653,12.3,39.0,11.5,5.9,4.1,13.9,19.5,64.7,11.29,7.47,67.4
2017,SEC,6,Ole Miss,36,6,6,0.611,,105.5,103.2,2.3,25.4,60.1,0.423,7.9,22.6,0.347,0.488,19.3,25.7,0.752,12.7,39.5,12.9,6.8,4.1,14.3,19.5,76.3,9.65,7.99,73.4
2017,SEC,7,Vanderbilt,35,5,6,0.543,,105.5,101.1,4.4,23.3,54.2,0.43,9.9,26.3,0.376,0.521,14.7,18.9,0.777,8.2,34.5,12.9,4.2,3.8,12.3,16.6,68.1,13.69,10.72,67.1
2017,SEC,8,Georgia,34,5,7,0.559,,102.0,100.2,1.8,24.6,56.0,0.439,5.1,15.8,0.325,0.485,17.3,22.9,0.757,9.7,37.0,12.6,5.4,3.7,13.1,18.6,70.4,11.13,10.28,69.7
2017,SEC,9,Tennessee,32,4,7,0.5,,103.7,101.6,2.1,25.1,59.5,0.422,5.9,18.1,0.326,0.472,18.4,25.2,0.729,12.1,37.7,13.8,5.5,4.6,12.5,20.9,73.0,11.28,10.18,71.5
2017,SEC,10,Texas A&M,31,3,7,0.516,,105.1,101.5,3.6,25.9,56.6,0.458,6.1,18.5,0.329,0.512,12.2,18.8,0.649,12.9,38.5,15.8,6.0,5.6,14.2,16.5,67.8,10.36,7.97,66.8
2017,SEC,11,Auburn,32,6,6,0.563,,106.1,105.0,1.1,26.9,61.5,0.437,9.0,24.7,0.366,0.511,17.6,26.1,0.672,11.5,36.6,13.0,7.3,5.1,13.6,20.9,79.6,8.17,7.33,75.2
2017,SEC,12,Mississippi State,32,2,8,0.5,,102.0,100.3,1.7,25.7,57.8,0.444,7.7,22.2,0.347,0.511,13.5,19.6,0.687,9.7,35.3,12.1,7.5,4.1,13.5,19.9,71.3,7.12,5.9,70.8
2017,SEC,13,LSU,31,1,10,0.323,,102.2,113.4,-11.2,27.5,61.1,0.451,6.3,18.8,0.336,0.502,13.5,19.3,0.696,11.5,36.0,12.8,6.0,3.5,14.5,19.1,83.0,0.53,8.69,73.2
2017,SEC,14,Missouri,32,0,9,0.25,,97.4,102.7,-5.3,23.3,59.2,0.393,7.0,23.1,0.304,0.452,15.6,22.9,0.683,11.2,36.5,12.1,6.3,2.1,12.0,20.2,72.9,2.98,6.73,70.5
2018,SEC,1,Auburn,34,7,4,0.765,,111.5,99.6,11.8,26.6,61.8,0.431,9.5,26.7,0.357,0.508,19.0,24.6,0.774,12.0,37.9,14.1,7.4,5.3,12.1,19.8,73.2,15.97,7.29,73.4
2018,SEC,2,Tennessee,35,8,4,0.743,,109.3,97.3,12.0,25.3,57.5,0.44,7.8,20.5,0.38,0.508,15.5,20.4,0.757,11.5,36.1,15.7,6.3,4.5,12.1,19.4,65.7,18.2,10.12,67.1
2018,SEC,3,Florida,34,5,4,0.618,,109.6,100.1,9.5,26.3,60.7,0.432,9.1,24.5,0.37,0.507,14.2,19.8,0.718,10.8,35.2,13.1,7.0,4.8,9.9,17.4,69.2,16.66,10.08,68.4
2018,SEC,4,Arkansas,35,3,7,0.657,,111.8,105.0,6.8,28.7,60.5,0.474,7.7,19.5,0.395,0.538,15.4,22.7,0.681,10.0,34.5,14.3,6.2,4.7,10.9,20.0,75.6,14.76,9.85,71.3
2018,SEC,5,Kentucky,37,4,6,0.703,,109.6,100.3,9.3,27.0,57.2,0.472,5.3,14.8,0.357,0.518,17.5,25.1,0.698,11.9,38.7,13.2,5.6,4.8,13.0,19.0,70.2,17.24,10.73,69.8
2018,SEC,6,Missouri,33,5,6,0.606,,107.2,100.3,6.8,24.1,53.5,0.45,9.3,24.2,0.383,0.537,15.3,20.8,0.734,10.1,37.1,13.4,5.2,4.2,14.2,18.0,68.1,13.81,9.19,67.3
2018,SEC,7,Mississippi State,37,4,8,0.676,,106.6,98.4,8.2,27.0,58.1,0.465,6.9,21.7,0.319,0.524,12.4,18.0,0.691,10.8,36.1,13.3,6.6,5.4,13.1,16.6,67.8,11.71,6.82,68.4
2018,SEC,8,Texas A&M,35,4,7,0.629,,106.1,99.5,6.6,27.9,60.6,0.46,6.6,20.0,0.329,0.514,12.8,19.4,0.661,12.3,41.4,15.4,5.4,6.0,13.6,16.4,70.5,15.3,10.62,70.9
2018,SEC,9,Alabama,36,2,8,0.556,,103.0,100.6,2.4,25.3,54.9,0.461,6.4,19.5,0.326,0.519,15.4,23.0,0.67,10.0,35.8,12.7,6.3,5.3,14.3,18.8,70.6,12.34,10.64,70.2
2018,SEC,10,LSU,33,3,8,0.545,,111.3,107.1,4.2,27.8,58.4,0.476,8.1,23.5,0.346,0.545,13.9,19.0,0.731,9.6,33.4,14.2,7.6,3.3,11.6,17.7,74.6,10.93,8.02,69.4
2018,SEC,11,Georgia,33,4,9,0.545,,102.7,100.6,2.1,23.2,55.3,0.42,6.1,19.2,0.318,0.475,15.5,22.2,0.699,12.3,39.4,12.2,3.8,4.7,12.7,16.2,66.7,10.24,8.87,65.3
2018,SEC,12,South Carolina,33,4,8,0.515,,99.9,98.3,1.6,22.9,57.5,0.398,7.3,21.5,0.339,0.461,17.0,24.2,0.701,12.6,37.2,12.8,5.5,3.2,13.8,20.1,69.0,9.45,9.23,69.7
2018,SEC,13,Vanderbilt,32,1,10,0.375,,108.0,110.4,-2.4,24.2,55.5,0.437,9.0,25.6,0.353,0.518,14.9,20.1,0.743,9.8,33.8,12.3,4.8,3.4,11.8,19.8,74.0,8.52,10.14,66.5
2018,SEC,14,Ole Miss,32,1,10,0.375,,105.5,108.8,-3.2,26.3,62.5,0.421,7.8,24.6,0.319,0.483,15.4,21.1,0.73,12.3,38.0,14.6,6.3,4.1,11.4,19.0,78.1,6.85,9.16,70.7
2019,SEC,1,LSU,35,9,1,0.8,,111.1,100.9,10.1,28.2,61.8,0.457,6.7,21.1,0.319,0.512,17.2,22.9,0.752,13.1,38.7,12.9,8.8,4.2,12.9,18.1,73.1,16.5,9.16,70.6
2019,SEC,2,Kentucky,37,8,2,0.811,,111.9,95.5,16.4,26.4,55.4,0.477,5.8,16.4,0.354,0.53,17.2,23.2,0.739,11.5,38.6,13.5,5.9,4.8,12.6,16.2,64.7,21.43,10.29,67.3
2019,SEC,3,Tennessee,37,7,3,0.838,,116.1,98.7,17.4,29.9,60.3,0.496,7.1,19.3,0.367,0.554,15.2,20.1,0.754,10.2,37.6,17.8,6.0,5.4,11.1,17.7,69.7,21.55,10.16,69.4
2019,SEC,4,Auburn,40,4,6,0.75,,114.1,98.4,15.7,27.4,61.0,0.45,11.4,30.1,0.377,0.543,13.5,19.0,0.711,11.4,34.2,14.3,9.2,4.8,11.7,18.3,68.8,20.84,10.92,69.2
2019,SEC,5,South Carolina,32,4,8,0.5,,101.8,101.3,0.5,25.2,59.6,0.423,7.6,20.7,0.366,0.486,14.8,21.7,0.682,12.0,36.3,12.9,6.3,4.4,13.5,19.5,72.4,8.34,9.63,71.2
2019,SEC,6,Ole Miss,33,6,5,0.606,,108.4,102.4,6.0,26.5,57.8,0.46,8.2,23.0,0.358,0.531,14.0,17.8,0.783,9.8,34.2,14.4,7.1,3.6,12.6,18.3,71.1,12.32,8.13,69.2
2019,SEC,7,Mississippi State,34,5,5,0.676,,111.9,102.0,10.0,27.5,58.3,0.472,8.6,22.8,0.377,0.546,13.6,19.0,0.717,11.6,35.7,14.1,8.1,5.1,13.3,17.2,70.4,15.96,9.07,68.6
2019,SEC,8,Florida,36,5,6,0.556,,103.7,97.3,6.4,23.8,56.0,0.425,8.1,24.2,0.334,0.498,12.1,16.8,0.721,10.4,33.4,12.1,7.1,3.6,11.7,17.1,63.6,15.42,11.22,64.7
2019,SEC,9,Alabama,34,4,8,0.529,,102.8,102.2,0.6,25.2,57.2,0.44,7.2,21.1,0.34,0.503,14.5,21.7,0.666,11.3,37.8,12.3,4.6,4.7,13.7,16.8,71.6,9.45,9.01,69.8
2019,SEC,10,Arkansas,34,5,8,0.529,,104.2,100.1,4.1,26.3,58.9,0.446,7.6,22.1,0.345,0.51,15.1,22.6,0.668,10.1,33.9,16.0,8.1,5.1,13.2,20.4,72.3,11.75,8.78,71.7
2019,SEC,11,Texas A&M,32,3,7,0.438,,101.5,103.5,-2.0,25.2,57.6,0.438,6.4,20.7,0.308,0.493,13.7,19.7,0.693,11.6,37.3,11.8,6.7,4.4,13.9,16.3,71.8,7.21,8.59,69.4
2019,SEC,12,Missouri,32,2,8,0.469,,100.9,101.7,-0.8,23.7,55.1,0.43,8.3,22.7,0.363,0.505,11.6,16.4,0.703,10.8,35.3,11.1,4.7,1.7,14.0,19.5,67.8,8.6,9.16,66.1
2019,SEC,13,Georgia,32,2,9,0.344,,100.9,104.9,-4.0,24.3,55.0,0.441,6.6,20.4,0.322,0.5,16.0,22.7,0.705,11.2,38.0,13.2,5.8,5.1,15.8,17.7,73.9,5.31,8.12,70.4
2019,SEC,14,Vanderbilt,32,1,10,0.281,,98.5,104.6,-6.1,23.0,54.7,0.421,7.2,23.1,0.311,0.486,14.9,22.2,0.673,10.2,35.6,11.6,4.8,3.9,14.2,17.8,72.3,3.57,7.79,68.9
2021,SEC,1,Alabama,33,7,3,0.788,,106.3,93.5,12.8,28.0,64.4,0.435,10.5,30.0,0.352,0.517,13.1,18.5,0.708,12.4,40.7,14.1,8.5,4.3,13.9,18.3,70.1,19.58,10.01,74.7
2021,SEC,2,Arkansas,32,5,4,0.781,,108.0,93.9,14.1,29.2,64.7,0.451,7.3,21.9,0.332,0.508,15.7,21.2,0.74,11.8,39.7,14.6,7.8,4.9,12.9,16.9,70.8,17.8,7.18,75.1
2021,SEC,3,LSU,29,4,6,0.655,,112.1,103.1,9.0,28.8,62.9,0.459,8.1,23.2,0.347,0.523,16.0,21.3,0.751,11.4,38.4,12.1,7.8,2.9,11.3,17.4,75.2,15.7,9.14,72.6
2021,SEC,4,Ole Miss,28,5,6,0.571,,101.8,94.1,7.7,25.0,56.7,0.441,5.2,17.4,0.3,0.487,13.6,19.4,0.702,12.1,36.6,12.2,7.5,3.9,14.0,17.2,63.6,11.18,6.0,67.3
2021,SEC,5,Tennessee,27,4,4,0.667,,104.6,92.4,12.2,25.3,57.6,0.439,6.6,19.9,0.331,0.496,14.8,19.8,0.746,10.9,35.9,14.9,7.3,4.8,12.5,16.4,63.5,16.87,8.46,68.7
2021,SEC,6,Florida,25,5,5,0.6,,104.6,99.1,5.5,26.5,56.3,0.471,6.8,19.0,0.356,0.531,14.4,19.1,0.753,9.8,35.3,11.7,7.2,5.2,15.0,18.6,70.3,13.7,9.82,70.6
2021,SEC,7,Kentucky,25,4,7,0.36,,99.7,99.3,0.4,24.6,59.0,0.417,6.4,19.1,0.335,0.471,14.8,20.4,0.729,12.0,38.0,12.5,6.3,5.9,14.0,18.0,70.2,11.77,11.49,70.0
2021,SEC,8,Mississippi State,33,5,4,0.545,,101.6,98.0,3.6,25.7,56.5,0.454,5.4,15.8,0.343,0.502,12.5,19.1,0.658,12.1,39.0,13.0,6.3,4.5,15.1,15.5,66.8,9.24,6.79,67.2
2021,SEC,9,Missouri,26,6,4,0.615,,103.3,101.2,2.1,25.7,57.6,0.446,7.1,21.8,0.325,0.508,15.0,21.3,0.701,9.8,35.7,13.3,6.7,3.5,13.3,19.7,71.9,12.37,10.87,70.4
2021,SEC,10,Auburn,27,3,8,0.481,,104.1,103.1,1.0,26.3,60.3,0.437,9.1,27.8,0.326,0.512,15.4,21.8,0.708,12.9,39.4,14.8,6.2,6.0,16.2,17.9,76.4,10.02,9.28,73.4
2021,SEC,11,Georgia,26,2,6,0.538,,101.8,102.4,-0.7,28.2,61.7,0.458,6.3,19.6,0.324,0.509,14.7,21.3,0.689,12.2,37.4,15.0,8.5,2.5,16.7,18.6,78.0,6.62,8.02,75.7
2021,SEC,12,South Carolina,21,2,7,0.286,,96.2,104.9,-8.8,27.0,65.0,0.415,6.8,22.2,0.305,0.467,11.9,18.1,0.654,12.8,36.0,13.3,8.4,3.7,14.9,19.1,79.1,3.39,10.01,75.4
2021,SEC,13,Vanderbilt,25,2,8,0.36,,103.0,103.9,-0.9,24.4,56.6,0.43,9.3,26.7,0.349,0.512,13.7,18.6,0.736,9.8,33.7,12.7,7.0,2.6,13.8,17.6,72.4,6.14,6.74,69.6
2021,SEC,14,Texas A&M,18,2,4,0.444,,97.2,101.2,-4.0,22.3,53.7,0.415,6.5,21.7,0.299,0.476,13.2,18.2,0.726,11.0,33.4,12.1,6.9,1.9,14.8,16.9,66.9,2.2,4.86,66.1
2022,SEC,1,Auburn,34,8,3,0.824,,108.1,92.9,15.2,27.7,63.7,0.435,8.1,25.4,0.318,0.499,14.7,20.1,0.731,12.8,40.4,14.7,8.4,8.0,12.1,18.5,67.2,19.2,8.17,71.3
2022,SEC,2,Kentucky,34,6,5,0.765,,114.0,95.5,18.5,30.3,62.7,0.483,6.1,17.5,0.347,0.531,12.8,17.6,0.726,13.0,40.1,16.1,6.8,4.2,11.6,14.3,66.6,20.9,8.02,69.2
2022,SEC,3,Tennessee,35,6,5,0.771,,106.2,91.0,15.2,26.1,60.2,0.434,8.7,24.2,0.36,0.507,12.5,17.4,0.715,11.7,36.9,16.5,9.3,4.3,12.3,16.9,62.9,20.46,9.94,68.6
2022,SEC,4,Arkansas,37,5,4,0.757,,104.8,94.3,10.6,26.3,60.6,0.434,6.3,20.7,0.304,0.486,17.1,22.5,0.76,10.8,37.8,13.8,7.6,4.1,12.2,16.9,68.3,16.27,8.62,72.0
2022,SEC,5,Alabama,33,3,7,0.576,,108.1,104.0,4.1,27.6,62.8,0.44,9.2,29.9,0.309,0.513,15.0,20.6,0.728,13.4,39.6,14.7,7.1,4.7,14.5,18.5,76.5,14.62,11.59,73.2
2022,SEC,6,Florida,34,4,7,0.588,,104.9,98.9,6.1,24.3,56.9,0.426,7.9,26.1,0.303,0.496,14.1,19.2,0.735,11.1,33.6,12.8,8.4,5.0,12.4,16.0,66.5,11.93,7.84,66.8
2022,SEC,7,LSU,34,3,8,0.647,,102.3,89.4,12.9,25.9,59.0,0.438,6.5,20.5,0.316,0.493,14.4,19.7,0.731,12.1,37.0,12.7,11.0,4.3,14.7,19.1,63.4,17.45,8.3,70.4
2022,SEC,8,South Carolina,31,4,7,0.581,,97.9,97.0,1.0,26.2,61.7,0.424,6.8,21.5,0.316,0.479,11.8,17.6,0.671,12.9,38.3,14.0,7.8,5.1,15.2,19.4,70.3,7.14,8.37,72.2
2022,SEC,9,Texas A&M,40,5,5,0.675,,104.7,95.2,9.5,25.9,58.4,0.443,6.5,20.0,0.325,0.499,14.5,20.6,0.703,12.1,35.5,13.5,10.0,3.4,13.1,17.5,66.1,12.93,7.42,68.6
2022,SEC,10,Mississippi State,34,1,10,0.529,,104.6,98.3,6.3,25.3,55.6,0.455,4.6,15.6,0.295,0.496,15.3,21.2,0.721,11.3,36.3,13.4,7.9,3.3,13.1,15.7,66.2,11.83,7.6,66.6
2022,SEC,11,Vanderbilt,36,5,8,0.528,,102.0,97.7,4.2,23.6,55.6,0.424,8.6,25.4,0.34,0.502,15.0,21.5,0.697,9.6,34.3,11.8,7.3,3.4,13.1,18.1,67.8,11.0,8.05,68.9
2022,SEC,12,Missouri,33,2,10,0.364,,96.8,104.2,-7.4,23.9,56.2,0.426,5.2,18.5,0.281,0.472,12.4,16.8,0.736,10.9,35.0,12.1,6.5,4.1,14.4,17.8,70.5,2.94,9.1,67.4
2022,SEC,13,Ole Miss,32,2,7,0.406,,100.5,101.3,-0.8,24.8,57.0,0.435,6.9,21.3,0.326,0.496,11.6,16.3,0.711,9.3,33.4,13.2,7.1,2.8,12.2,15.2,68.7,6.72,7.25,67.0
2022,SEC,14,Georgia,32,0,10,0.188,,100.0,112.4,-12.4,23.8,53.9,0.442,6.4,19.9,0.321,0.502,15.7,21.0,0.747,8.4,32.7,13.9,5.2,2.2,14.4,15.0,78.5,-0.63,8.06,69.8
2023,SEC,1,Alabama,37,9,3,0.838,,110.4,92.1,18.3,27.6,62.5,0.442,9.9,29.5,0.335,0.521,16.6,22.9,0.725,13.1,44.6,15.0,6.1,5.1,13.8,18.7,68.3,23.19,9.65,72.6
2023,SEC,2,Texas A&M,35,7,4,0.714,,108.5,99.0,9.4,23.9,55.2,0.432,6.2,19.0,0.326,0.488,18.9,24.9,0.759,12.4,36.8,12.5,6.7,2.3,12.3,18.2,66.5,13.76,7.42,67.1
2023,SEC,3,Kentucky,34,6,4,0.647,,110.7,100.8,9.9,27.3,60.1,0.454,6.3,18.0,0.347,0.506,13.6,19.2,0.706,13.9,39.4,15.1,6.4,3.7,11.8,16.0,67.8,14.76,8.08,66.8
2023,SEC,4,Missouri,35,5,5,0.714,,112.0,105.6,6.4,28.2,59.8,0.472,9.3,25.8,0.36,0.55,13.2,17.4,0.758,8.9,30.2,15.9,10.2,2.7,11.1,18.0,74.4,11.41,6.89,70.0
2023,SEC,5,Tennessee,36,4,6,0.694,,107.0,87.6,19.5,25.2,58.3,0.433,7.7,23.3,0.329,0.499,12.6,17.9,0.708,12.9,38.4,16.7,8.3,3.6,12.0,16.6,57.9,20.84,7.98,65.9
2023,SEC,6,Vanderbilt,37,5,6,0.595,,106.6,105.9,0.6,25.1,59.1,0.425,8.4,24.9,0.336,0.496,13.3,18.6,0.712,11.3,36.2,11.6,5.1,4.5,10.8,16.3,71.5,8.98,8.55,67.0
2023,SEC,7,Auburn,34,4,8,0.618,,105.6,98.3,7.3,25.7,58.6,0.439,6.5,20.6,0.315,0.495,14.8,21.3,0.696,11.6,36.2,14.1,7.7,5.1,12.2,19.3,67.7,14.35,9.29,68.7
2023,SEC,8,Florida,33,4,7,0.485,,101.8,98.1,3.8,25.2,57.7,0.436,6.7,21.2,0.314,0.494,14.3,19.9,0.717,8.4,34.6,12.3,6.8,5.2,11.2,16.2,68.6,10.9,8.26,69.7
2023,SEC,9,Arkansas,36,2,8,0.611,,105.1,96.4,8.7,26.7,57.3,0.466,5.0,15.9,0.313,0.509,15.7,22.5,0.698,10.4,35.3,12.8,8.4,5.1,12.7,19.3,67.9,15.99,9.87,70.2
2023,SEC,10,Mississippi State,34,4,6,0.618,,99.8,92.6,7.2,24.0,56.9,0.421,5.2,19.7,0.266,0.467,12.5,19.3,0.647,12.9,37.9,14.2,8.6,3.4,12.8,15.2,61.0,11.43,6.69,64.9
2023,SEC,11,Georgia,32,1,10,0.5,,100.1,104.5,-4.4,22.8,55.4,0.41,6.7,21.2,0.317,0.471,16.3,22.4,0.727,10.8,35.8,11.2,6.3,2.7,13.2,16.0,71.5,1.8,4.8,68.2
2023,SEC,12,South Carolina,32,4,8,0.344,,97.2,109.8,-12.5,23.3,57.7,0.403,7.6,23.6,0.323,0.469,10.2,15.5,0.661,11.8,34.1,11.1,4.9,2.6,13.2,16.0,72.6,-2.28,6.0,65.1
2023,SEC,13,Ole Miss,33,2,9,0.364,,100.9,103.3,-2.4,24.7,58.6,0.422,6.2,20.3,0.303,0.475,11.9,17.1,0.695,12.0,35.8,13.1,7.1,3.7,12.2,15.9,69.1,5.73,7.3,66.4
2023,SEC,14,LSU,33,0,9,0.424,,101.4,106.1,-4.7,23.3,56.8,0.41,7.2,22.1,0.327,0.473,13.8,19.2,0.722,11.4,35.0,12.3,6.8,2.7,12.3,17.0,70.7,3.32,6.44,66.7
2024,SEC,1,Tennessee,36,8,3,0.75,,112.1,95.9,16.2,27.2,61.8,0.44,8.8,25.4,0.344,0.511,15.6,20.8,0.751,11.6,38.7,16.7,7.8,4.6,10.2,17.5,67.4,21.81,10.42,70.3
2024,SEC,2,Alabama,37,5,5,0.676,,121.1,109.2,11.9,30.7,64.5,0.476,11.2,29.9,0.373,0.563,17.6,22.8,0.772,12.8,39.6,15.9,6.9,4.4,11.8,19.8,81.2,20.69,11.8,73.9
2024,SEC,3,Auburn,35,5,5,0.771,,117.2,96.4,20.9,28.9,60.6,0.476,8.0,22.7,0.352,0.542,17.4,23.2,0.75,11.2,37.8,17.8,7.4,6.1,10.7,19.4,68.3,22.46,7.66,70.9
2024,SEC,4,Kentucky,33,7,3,0.697,,119.2,106.7,12.5,32.0,64.6,0.495,9.9,24.2,0.409,0.572,15.2,19.7,0.772,10.1,37.6,17.5,7.5,6.3,10.7,17.5,79.7,16.79,7.46,73.9
2024,SEC,5,South Carolina,34,8,3,0.765,,110.4,103.5,6.9,25.4,57.9,0.439,8.1,23.8,0.339,0.509,13.1,18.4,0.711,11.4,35.6,15.4,4.8,3.2,10.1,16.2,67.6,10.98,6.48,64.8
2024,SEC,6,Florida,36,3,7,0.667,,115.1,106.5,8.6,29.9,65.3,0.458,7.8,22.6,0.345,0.518,17.9,25.1,0.715,14.6,42.3,15.2,6.7,5.3,11.7,18.4,79.2,15.17,8.81,73.1
2024,SEC,7,LSU,33,3,7,0.515,,107.5,105.6,2.0,26.3,57.8,0.455,7.8,21.7,0.357,0.522,16.0,22.1,0.723,10.5,35.7,11.8,8.0,3.8,13.2,17.4,75.0,8.14,6.75,70.7
2024,SEC,8,Texas A&M,36,6,6,0.583,,111.4,105.5,5.9,25.7,64.0,0.402,7.1,24.1,0.293,0.457,17.5,24.7,0.707,17.4,42.8,11.4,6.9,3.0,9.6,17.0,72.0,13.35,9.32,67.8
2024,SEC,9,Mississippi State,35,2,8,0.6,,107.5,100.2,7.3,26.2,57.9,0.452,7.2,22.3,0.321,0.514,14.5,21.7,0.67,12.5,38.1,14.0,8.1,3.1,13.0,16.6,69.1,14.19,9.16,68.7
2024,SEC,10,Ole Miss,32,4,7,0.625,,109.3,107.8,1.5,26.2,58.6,0.447,7.5,20.6,0.365,0.511,15.0,20.6,0.728,10.4,33.5,15.1,7.8,5.8,10.8,16.3,73.9,8.3,7.27,68.6
2024,SEC,11,Arkansas,33,2,7,0.485,,106.1,108.9,-2.8,26.0,57.5,0.453,6.0,18.9,0.318,0.505,19.7,26.0,0.756,8.5,34.5,11.7,6.0,6.1,12.0,19.8,79.8,6.12,8.15,72.2
2024,SEC,12,Georgia,37,6,6,0.541,,105.4,105.4,0.0,25.5,59.3,0.43,8.1,23.9,0.34,0.498,15.6,21.7,0.72,9.9,35.6,11.8,6.4,3.3,11.4,16.2,74.7,8.63,8.63,70.6
2024,SEC,13,Vanderbilt,32,1,9,0.281,,99.7,111.4,-11.7,23.4,58.7,0.399,6.5,23.1,0.283,0.454,14.6,20.6,0.709,10.8,34.4,9.4,6.1,2.9,10.4,15.3,75.9,0.19,8.16,67.8
2024,SEC,14,Missouri,32,2,10,0.25,,105.0,110.9,-5.9,25.2,57.4,0.439,7.3,22.8,0.319,0.502,14.4,18.2,0.792,9.2,31.0,12.2,7.7,4.8,11.6,20.1,76.2,3.27,7.3,68.4
2025,SEC,1,Auburn,38,8,2,0.842,,119.6,100.0,19.5,29.4,61.7,0.476,9.0,25.2,0.359,0.549,15.2,20.9,0.727,11.8,37.4,16.1,6.9,5.9,9.4,18.5,69.4,28.68,15.13,69.2
2025,SEC,2,Florida,40,7,3,0.9,,120.1,98.6,21.5,29.6,62.8,0.471,9.8,27.4,0.356,0.549,15.9,21.9,0.728,13.7,41.8,15.5,7.4,4.5,11.1,17.1,69.6,27.78,12.6,70.6
2025,SEC,3,Alabama,37,9,3,0.757,,118.5,106.2,12.3,31.0,64.1,0.484,10.5,29.8,0.353,0.566,18.1,25.2,0.72,12.4,42.4,17.2,6.2,4.5,12.7,18.9,81.3,25.54,16.14,76.0
2025,SEC,4,Tennessee,38,6,5,0.789,,114.0,97.1,16.9,25.4,56.3,0.452,8.2,24.4,0.338,0.525,14.9,20.0,0.745,11.5,36.4,15.4,6.9,4.8,10.4,15.2,63.1,24.2,13.25,64.9
2025,SEC,5,Texas A&M,34,5,5,0.676,,109.2,100.5,8.7,25.2,60.3,0.418,7.0,22.7,0.307,0.476,17.2,24.9,0.692,16.0,41.0,11.9,7.6,4.0,12.2,17.5,68.7,19.3,13.39,67.8
2025,SEC,6,Kentucky,36,4,6,0.667,,116.5,106.5,10.0,29.6,61.4,0.482,9.5,25.3,0.375,0.559,15.8,21.6,0.731,9.9,38.0,16.9,6.9,4.0,10.9,17.2,77.2,21.26,14.04,72.2
2025,SEC,7,Ole Miss,36,5,6,0.667,,110.8,103.0,7.9,26.6,59.9,0.445,8.3,24.0,0.348,0.514,15.6,21.1,0.738,9.2,33.1,14.2,8.8,3.7,9.0,18.3,71.7,18.28,12.8,69.2
2025,SEC,8,Missouri,34,3,7,0.647,,119.4,105.1,14.3,27.6,57.3,0.482,8.7,23.7,0.367,0.558,19.7,27.0,0.73,11.0,34.0,13.7,9.4,2.6,10.9,18.2,73.6,19.49,9.49,69.8
2025,SEC,9,Arkansas,36,4,6,0.611,,108.5,100.9,7.6,27.2,58.8,0.462,7.0,21.5,0.327,0.522,15.4,20.9,0.739,9.5,35.6,14.2,7.5,5.6,11.5,16.2,71.4,17.09,11.7,70.3
2025,SEC,10,Georgia,33,3,7,0.606,,109.8,101.9,7.9,26.1,56.7,0.46,6.9,21.0,0.329,0.521,16.3,22.7,0.717,11.8,36.5,12.5,7.8,5.1,12.9,16.6,69.9,16.36,10.94,68.6
2025,SEC,11,Mississippi State,34,6,5,0.618,,113.0,105.4,7.6,28.6,63.1,0.452,8.5,26.9,0.314,0.519,13.9,19.9,0.701,12.8,37.9,15.2,9.1,4.5,10.7,17.4,74.2,17.14,11.79,69.6
2025,SEC,12,Vanderbilt,33,3,7,0.606,,112.6,106.0,6.6,27.7,61.6,0.45,8.1,24.9,0.325,0.515,15.4,20.6,0.746,11.5,34.7,13.9,8.9,3.9,10.2,17.9,74.3,14.66,10.05,69.8
2025,SEC,13,Oklahoma,34,2,7,0.588,,112.0,106.8,5.2,26.1,55.7,0.468,8.5,23.2,0.365,0.544,17.7,22.2,0.795,8.4,32.1,13.4,7.8,2.3,12.1,18.5,74.6,14.86,11.22,69.9
2025,SEC,14,Texas,35,4,6,0.543,,113.1,104.7,8.4,27.3,59.1,0.463,7.5,20.8,0.362,0.526,16.3,21.7,0.749,10.2,35.7,12.9,6.3,4.3,9.9,18.7,72.6,15.65,9.79,68.4
2025,SEC,15,LSU,32,2,8,0.438,,105.0,104.7,0.4,26.2,58.9,0.445,7.8,25.6,0.305,0.511,13.7,19.1,0.714,10.3,35.7,12.8,7.1,4.7,13.1,16.8,73.6,9.93,9.68,69.5
2025,SEC,16,South Carolina,32,1,10,0.375,,103.7,106.1,-2.5,23.2,54.2,0.427,6.7,21.2,0.316,0.489,16.8,23.5,0.715,10.1,34.4,12.7,5.7,2.9,12.4,16.1,71.4,9.89,11.55,66.8
2015,Big East,1,Villanova,36,9,2,0.917,,116.9,93.1,23.8,25.4,54.2,0.47,9.1,23.3,0.389,0.553,16.6,22.6,0.731,10.3,34.3,15.8,7.7,4.1,10.6,16.6,60.9,23.13,7.55,65.0
2015,Big East,2,Butler,34,7,4,0.676,,105.9,93.5,12.3,23.9,55.4,0.433,5.6,15.9,0.356,0.484,15.5,22.6,0.686,12.0,36.4,11.4,6.4,3.0,11.1,17.4,61.0,16.64,8.62,64.2
2015,Big East,3,Georgetown,33,5,4,0.667,,108.1,99.5,8.6,24.2,53.1,0.456,6.1,17.2,0.353,0.513,16.4,23.3,0.704,11.1,34.9,12.9,7.6,4.7,12.6,20.2,65.2,15.48,9.81,64.6
2015,Big East,4,Providence,34,5,6,0.647,,105.4,99.0,6.4,24.4,55.6,0.438,5.0,16.1,0.313,0.484,16.0,22.6,0.707,12.1,36.1,13.9,7.1,4.6,12.0,18.5,65.5,13.71,9.5,65.7
2015,Big East,5,St. John's (NY),33,4,6,0.636,,104.6,100.0,4.6,25.3,57.3,0.442,6.0,17.2,0.348,0.494,14.4,20.8,0.691,10.2,35.3,12.4,7.5,6.4,10.7,17.8,67.9,11.85,9.04,67.6
2015,Big East,6,Xavier,37,5,7,0.622,,109.8,100.9,8.9,25.8,54.4,0.475,6.3,18.0,0.351,0.534,15.3,20.9,0.73,9.8,34.6,16.1,6.0,2.9,12.1,17.9,67.4,15.42,9.48,65.6
2015,Big East,7,DePaul,32,3,9,0.375,,102.7,108.9,-6.2,23.7,54.3,0.435,7.8,22.0,0.352,0.507,14.3,19.8,0.721,9.1,30.3,12.3,6.6,3.8,13.4,21.2,73.6,3.3,7.49,67.3
2015,Big East,8,Seton Hall,31,3,9,0.516,,102.7,102.1,0.6,23.7,56.3,0.421,6.9,19.6,0.35,0.482,14.1,21.4,0.657,12.6,36.2,12.4,6.0,4.1,12.4,19.2,68.0,7.95,7.56,66.0
2015,Big East,9,Creighton,33,3,9,0.424,,104.8,104.1,0.7,22.6,53.8,0.42,7.9,23.0,0.345,0.494,14.2,19.5,0.725,10.5,34.5,13.6,4.5,2.3,11.8,17.9,66.9,7.48,7.05,63.3
2015,Big East,10,Marquette,32,1,9,0.406,,99.9,102.9,-3.0,23.2,53.1,0.437,6.5,18.8,0.344,0.498,12.3,19.0,0.645,9.6,31.3,15.0,7.5,3.5,12.6,15.8,67.0,7.08,9.02,64.6
2016,Big East,1,Villanova,40,10,2,0.875,,115.5,94.2,21.3,27.2,56.2,0.483,8.7,24.0,0.362,0.561,15.0,19.2,0.782,8.8,34.6,15.9,7.1,3.4,11.0,17.0,63.6,24.08,9.71,67.3
2016,Big East,2,Xavier,34,8,3,0.824,,111.2,97.1,14.0,27.3,60.4,0.452,7.5,20.6,0.363,0.514,18.4,25.2,0.73,12.8,40.8,16.1,7.2,3.0,12.6,19.9,70.4,18.58,8.43,72.4
2016,Big East,3,Seton Hall,34,7,4,0.735,,104.5,95.5,9.0,26.2,58.8,0.446,6.1,17.5,0.347,0.498,15.6,23.8,0.658,12.9,39.9,13.4,7.4,4.6,13.8,18.7,67.8,14.66,8.28,70.7
2016,Big East,4,Butler,33,5,5,0.667,,114.0,101.3,12.7,27.8,59.7,0.466,7.2,18.2,0.393,0.526,17.2,23.5,0.731,11.1,36.0,14.2,6.9,3.2,10.2,19.6,71.0,16.46,7.55,69.8
2016,Big East,5,Providence,35,7,4,0.686,,104.4,99.4,4.9,25.2,59.8,0.421,7.1,22.2,0.321,0.48,16.2,22.3,0.725,11.5,36.1,15.7,6.5,3.5,11.3,16.9,70.1,11.94,8.46,69.8
2016,Big East,6,Creighton,35,4,9,0.571,,110.5,100.4,10.1,28.0,59.5,0.47,8.1,23.0,0.352,0.538,15.6,22.3,0.7,9.5,37.1,15.3,6.0,3.1,11.6,18.9,72.4,13.69,6.44,72.1
2016,Big East,7,Marquette,33,5,5,0.606,,103.8,101.0,2.8,26.8,57.2,0.468,5.9,17.3,0.339,0.52,16.8,23.2,0.726,9.4,35.7,16.2,7.8,4.2,14.7,18.8,74.2,7.66,5.57,72.4
2016,Big East,8,Georgetown,33,4,8,0.455,,105.3,102.7,2.6,24.8,56.3,0.441,7.9,23.3,0.339,0.512,16.0,21.3,0.751,9.6,35.8,14.9,5.5,4.4,13.4,22.9,71.8,10.31,8.49,69.2
2016,Big East,9,DePaul,31,3,10,0.29,,98.2,109.1,-10.9,24.3,54.5,0.445,5.4,15.8,0.343,0.494,13.5,19.9,0.68,10.2,34.2,11.8,4.8,3.1,14.8,22.2,75.0,0.83,8.34,68.4
2016,Big East,10,St. John's (NY),32,0,10,0.25,,92.7,105.4,-12.7,23.7,58.3,0.406,6.4,19.8,0.325,0.461,14.2,22.3,0.636,10.8,35.7,12.9,6.3,5.5,15.3,21.3,77.3,-1.9,7.94,73.3
2017,Big East,1,Villanova,36,9,2,0.889,,117.6,95.5,22.1,26.8,54.1,0.495,8.6,23.4,0.369,0.575,14.9,18.9,0.79,8.8,33.6,14.0,7.2,3.0,11.2,14.3,62.7,23.8,9.28,65.6
2017,Big East,2,Butler,34,7,4,0.735,,112.6,101.6,11.0,26.6,55.8,0.477,7.7,21.0,0.366,0.546,15.4,20.7,0.741,8.4,32.1,13.3,6.1,2.8,10.2,18.8,68.9,17.7,10.23,67.3
2017,Big East,3,Creighton,35,7,4,0.714,,112.3,100.0,12.4,30.8,61.1,0.504,8.7,21.9,0.397,0.576,11.5,16.9,0.682,8.3,34.9,17.1,6.1,2.9,12.4,16.6,72.8,17.27,8.95,72.9
2017,Big East,4,Marquette,32,4,6,0.594,,115.2,105.9,9.3,28.7,59.0,0.487,10.5,24.5,0.429,0.576,14.3,18.3,0.781,8.8,33.1,16.4,7.2,3.6,12.4,19.4,75.6,15.26,8.6,71.1
2017,Big East,5,Providence,33,4,7,0.606,,103.6,98.6,5.0,24.4,54.4,0.448,7.2,19.5,0.371,0.514,14.3,20.7,0.691,8.9,33.4,14.3,6.6,3.0,12.5,17.2,66.9,11.24,7.84,67.6
2017,Big East,6,Seton Hall,33,4,6,0.636,,104.9,100.8,4.1,26.4,59.1,0.447,6.1,18.1,0.338,0.499,14.3,22.2,0.643,13.3,39.7,12.3,6.9,2.5,13.6,18.6,70.4,12.1,9.25,69.0
2017,Big East,7,Xavier,38,4,8,0.632,,109.1,104.2,4.8,25.8,56.5,0.457,7.0,20.4,0.345,0.519,16.0,23.2,0.688,11.9,37.3,14.7,6.0,2.6,12.6,18.7,71.3,14.8,11.51,68.2
2017,Big East,8,St. John's (NY),33,4,9,0.424,,103.9,106.5,-2.6,26.2,60.6,0.433,8.4,23.1,0.364,0.503,15.9,21.9,0.724,10.2,34.4,13.5,6.8,6.0,13.1,20.8,78.7,6.45,8.39,73.9
2017,Big East,9,Georgetown,32,3,7,0.438,,104.7,102.0,2.7,25.3,54.8,0.461,6.4,18.4,0.349,0.52,17.1,23.3,0.733,9.5,35.7,15.0,5.5,4.6,14.2,21.0,72.2,11.18,9.31,70.2
2017,Big East,10,DePaul,32,1,9,0.281,,99.5,107.8,-8.2,24.2,56.4,0.43,5.8,17.6,0.326,0.481,14.8,20.1,0.735,10.6,33.0,11.4,6.7,2.9,14.1,19.8,74.6,2.09,7.78,69.0
2018,Big East,1,Xavier,35,9,2,0.829,,115.5,102.3,13.2,28.9,58.7,0.492,7.8,21.0,0.372,0.559,18.8,24.1,0.779,9.9,38.3,16.5,5.9,3.1,12.6,17.2,74.7,19.06,9.43,72.3
2018,Big East,2,Villanova,40,9,3,0.9,,122.3,99.2,23.2,30.5,61.0,0.5,11.6,29.0,0.401,0.595,14.0,18.0,0.779,9.6,35.9,16.4,6.5,4.1,10.7,16.1,70.2,26.64,10.24,70.1
2018,Big East,3,Creighton,33,4,7,0.636,,113.8,100.9,12.9,30.5,62.1,0.492,10.4,28.0,0.372,0.575,12.0,16.1,0.748,7.5,36.5,17.8,5.7,2.7,11.2,15.2,74.1,16.35,8.1,72.8
2018,Big East,4,Providence,35,4,7,0.6,,104.1,102.8,1.3,25.7,58.2,0.441,6.4,19.2,0.332,0.496,15.8,22.5,0.704,10.5,35.6,13.9,6.8,3.7,12.3,17.8,72.7,11.12,10.23,69.5
2018,Big East,5,Seton Hall,34,5,6,0.647,,111.0,103.2,7.8,28.6,61.0,0.468,7.4,20.1,0.365,0.529,15.0,21.4,0.698,12.2,38.3,15.5,6.2,3.4,12.7,18.1,73.9,15.67,10.11,71.1
2018,Big East,6,Butler,35,3,7,0.6,,111.0,102.1,9.0,29.1,61.6,0.473,8.2,23.0,0.357,0.54,12.5,16.1,0.776,9.3,34.2,14.0,6.6,2.9,11.2,18.3,72.6,16.92,10.55,69.6
2018,Big East,7,Marquette,35,5,5,0.6,,114.3,110.4,3.9,28.3,59.5,0.475,11.0,26.4,0.417,0.568,13.8,17.1,0.805,9.0,31.8,15.7,6.1,3.7,12.3,19.4,78.5,12.5,9.7,70.4
2018,Big East,8,Georgetown,30,4,6,0.5,,106.2,103.7,2.5,26.7,58.8,0.454,7.5,20.6,0.366,0.518,17.5,22.5,0.775,10.9,38.4,17.4,5.5,3.7,15.3,17.7,76.5,7.16,5.29,71.6
2018,Big East,9,DePaul,31,4,7,0.355,,100.6,103.3,-2.7,26.4,61.7,0.428,6.3,20.2,0.31,0.479,12.8,18.1,0.708,12.4,37.4,15.0,6.5,3.0,13.9,17.8,73.8,6.55,8.45,71.2
2018,Big East,10,St. John's (NY),33,2,7,0.485,,100.9,100.3,0.6,26.3,60.6,0.434,7.0,21.4,0.329,0.492,13.5,18.2,0.741,8.7,33.6,12.8,8.5,5.2,11.9,18.6,72.6,10.29,10.69,71.1
2019,Big East,1,Villanova,36,5,7,0.722,,112.2,102.5,9.7,24.6,56.1,0.438,10.6,30.0,0.352,0.532,14.1,19.3,0.728,10.2,34.8,14.0,5.4,2.9,10.8,16.1,67.4,14.33,7.97,65.0
2019,Big East,2,Marquette,34,6,4,0.706,,108.2,97.3,10.9,26.3,57.9,0.454,9.4,24.2,0.388,0.535,15.4,20.4,0.757,9.7,38.0,13.4,4.9,4.3,13.7,18.7,69.5,14.78,6.96,70.7
2019,Big East,3,Creighton,35,4,8,0.571,,109.4,102.7,6.7,28.0,58.4,0.479,10.6,27.5,0.387,0.57,11.3,16.6,0.679,8.2,34.2,16.0,6.8,2.6,13.3,16.6,73.2,12.0,8.59,70.2
2019,Big East,4,Georgetown,33,5,6,0.576,,105.8,103.8,2.0,27.1,61.1,0.443,8.2,22.9,0.355,0.51,17.2,23.4,0.737,10.6,39.4,16.4,6.0,4.0,13.4,17.6,78.1,6.8,5.31,73.2
2019,Big East,5,Seton Hall,34,3,8,0.588,,104.0,101.4,2.7,26.1,59.4,0.439,7.1,21.8,0.324,0.499,14.5,20.5,0.706,10.6,35.7,13.5,6.9,3.9,12.4,18.8,71.9,10.25,8.34,70.1
2019,Big East,6,Xavier,35,4,8,0.543,,107.0,104.8,2.3,26.3,56.5,0.466,7.0,21.1,0.331,0.528,12.5,18.4,0.679,10.6,36.6,14.8,5.4,3.7,12.9,15.7,70.6,9.61,8.06,66.5
2019,Big East,7,St. John's (NY),34,4,7,0.618,,105.0,101.8,3.2,27.8,61.8,0.45,8.5,23.8,0.357,0.518,13.1,18.2,0.719,7.8,32.9,13.9,8.9,3.3,10.5,19.1,74.8,7.88,5.5,72.6
2019,Big East,8,Butler,33,2,10,0.485,,106.4,104.8,1.7,26.1,58.6,0.445,8.8,25.1,0.353,0.521,10.9,14.8,0.738,8.7,32.1,13.2,5.8,1.9,10.9,18.0,70.8,9.22,8.1,67.1
2019,Big East,9,DePaul,36,3,9,0.528,,108.6,105.9,2.7,28.0,59.5,0.471,6.7,19.5,0.343,0.527,15.6,21.5,0.727,11.0,37.4,14.3,6.3,3.3,13.6,17.5,76.4,6.0,4.05,71.7
2019,Big East,10,Providence,34,5,6,0.529,,101.9,99.6,2.3,24.6,58.0,0.423,6.6,20.3,0.326,0.48,15.7,22.7,0.691,11.7,36.5,14.4,7.4,4.0,13.1,17.6,69.8,8.29,6.71,68.8
2021,Big East,1,Creighton,31,7,4,0.71,,108.3,97.3,11.0,28.3,60.1,0.472,9.5,26.2,0.361,0.55,9.9,15.4,0.64,8.4,35.7,15.6,7.0,3.3,11.0,15.4,68.2,16.28,8.54,69.6
2021,Big East,2,UConn,23,6,3,0.652,,107.8,97.0,10.8,26.2,60.3,0.434,6.7,20.1,0.335,0.49,12.7,17.5,0.722,13.5,38.2,12.9,6.2,5.3,11.7,18.8,64.6,15.77,8.59,66.2
2021,Big East,3,Villanova,25,4,4,0.72,,113.3,100.8,12.5,26.2,57.8,0.453,9.2,25.9,0.353,0.532,13.2,17.4,0.763,9.3,33.9,15.0,5.1,1.9,9.1,15.5,66.5,17.47,9.19,65.7
2021,Big East,4,Seton Hall,27,6,7,0.519,,103.7,101.4,2.3,24.9,56.5,0.441,6.7,20.8,0.321,0.5,14.7,20.1,0.732,10.2,34.9,12.9,6.3,4.4,13.0,16.4,69.7,11.12,9.53,67.8
2021,Big East,5,St. John's (NY),27,4,6,0.593,,105.1,102.2,3.0,28.9,64.6,0.447,7.4,21.5,0.345,0.504,13.9,18.5,0.749,11.2,36.0,16.3,9.1,3.9,12.6,18.3,76.7,9.41,7.19,74.1
2021,Big East,6,Providence,26,4,7,0.5,,101.9,101.8,0.2,25.3,58.8,0.43,6.3,19.7,0.32,0.483,13.0,18.6,0.7,10.6,35.7,13.5,5.7,3.0,11.8,17.0,69.7,8.94,8.82,67.2
2021,Big East,7,Butler,25,1,9,0.4,,96.2,104.0,-7.8,22.9,55.7,0.411,7.2,22.2,0.323,0.475,10.6,16.4,0.646,9.2,32.3,12.3,5.6,2.0,11.4,16.2,68.7,4.76,9.92,65.1
2021,Big East,8,Marquette,27,6,6,0.481,,101.6,101.7,-0.1,24.5,55.0,0.445,6.6,20.6,0.323,0.506,14.1,19.3,0.735,9.6,36.3,12.3,5.1,3.7,14.4,17.2,69.8,8.51,8.58,68.4
2021,Big East,9,Georgetown,26,2,6,0.5,,101.0,101.3,-0.3,24.8,58.5,0.423,8.3,22.8,0.365,0.494,13.6,18.0,0.753,11.5,39.8,12.8,5.9,3.9,15.2,15.9,71.7,10.13,10.36,70.4
2021,Big East,10,Xavier,21,2,5,0.619,,106.3,99.8,6.6,28.0,61.2,0.458,7.7,23.7,0.325,0.521,11.0,15.9,0.694,9.5,37.7,17.6,6.9,4.0,11.2,15.5,70.2,11.09,6.47,69.5
2021,Big East,11,DePaul,19,2,5,0.263,,91.9,100.5,-8.6,25.3,60.7,0.417,5.4,17.2,0.315,0.461,9.7,14.4,0.678,12.1,37.7,11.4,6.8,3.9,15.8,19.7,71.9,2.67,8.83,70.6
2022,Big East,1,Villanova,38,8,5,0.789,,112.4,98.3,14.1,24.3,56.1,0.432,9.3,26.0,0.359,0.515,13.9,16.7,0.83,10.3,34.8,11.9,6.0,2.2,9.9,14.9,62.7,19.31,10.29,63.6
2022,Big East,2,Providence,33,7,2,0.818,,106.4,98.5,7.9,24.5,56.3,0.435,7.4,21.4,0.344,0.5,15.2,20.8,0.728,10.5,37.6,13.2,5.0,3.7,11.4,16.0,66.2,13.08,7.75,65.9
2022,Big East,3,UConn,33,5,5,0.697,,109.9,95.9,14.0,26.7,61.2,0.435,7.4,21.1,0.352,0.496,14.1,18.7,0.753,13.8,40.4,14.0,5.9,6.4,11.8,16.8,65.3,16.4,6.88,66.8
2022,Big East,4,Creighton,35,6,5,0.657,,100.5,96.4,4.1,25.6,57.2,0.448,6.7,21.8,0.308,0.506,11.3,15.3,0.738,9.6,38.1,13.3,5.5,4.3,14.1,13.6,66.4,11.34,8.54,68.1
2022,Big East,5,Marquette,32,4,7,0.594,,102.7,99.3,3.3,26.9,59.8,0.45,8.6,25.0,0.344,0.521,11.6,15.7,0.741,7.8,34.8,16.0,7.8,5.2,12.4,17.4,71.6,11.36,8.96,71.6
2022,Big East,6,Seton Hall,32,6,5,0.656,,104.3,96.3,8.0,25.3,60.2,0.42,7.3,21.6,0.338,0.481,14.1,18.8,0.753,12.1,38.5,10.3,7.1,5.4,12.1,15.6,66.4,12.75,8.52,68.7
2022,Big East,7,St. John's (NY),32,4,7,0.531,,106.4,99.2,7.3,30.3,66.8,0.453,7.3,21.6,0.335,0.508,11.8,17.4,0.677,12.0,37.8,18.8,8.8,5.5,11.9,17.9,74.2,11.95,6.51,74.2
2022,Big East,8,Xavier,36,4,6,0.639,,105.8,98.8,7.0,26.5,58.7,0.451,6.7,20.9,0.322,0.509,14.4,20.7,0.698,10.3,37.1,14.8,7.5,4.3,11.7,15.4,69.2,13.23,8.34,69.1
2022,Big East,9,Butler,33,3,8,0.424,,97.2,101.9,-4.7,22.7,54.5,0.416,6.9,22.8,0.305,0.48,11.5,16.5,0.696,9.0,32.8,11.0,5.2,2.4,12.0,16.7,66.9,4.45,9.16,64.9
2022,Big East,10,DePaul,31,4,8,0.484,,103.7,102.2,1.6,26.3,60.7,0.433,6.6,20.8,0.317,0.488,14.1,20.3,0.693,11.8,38.5,11.4,6.2,5.0,12.3,15.7,72.2,7.83,6.73,70.4
2022,Big East,11,Georgetown,31,0,11,0.194,,99.5,108.4,-8.9,24.8,62.1,0.4,7.6,22.4,0.342,0.462,13.4,18.0,0.744,12.7,37.3,11.8,7.2,3.8,13.4,16.2,77.0,1.71,8.03,71.0
2023,Big East,1,Marquette,36,9,4,0.806,,112.9,100.0,12.9,29.3,60.4,0.486,8.9,25.3,0.353,0.56,11.7,16.3,0.718,8.8,31.8,17.3,9.2,3.0,10.7,16.2,70.3,17.07,8.01,69.3
2023,Big East,2,Xavier,37,7,4,0.73,,112.1,102.6,9.5,30.0,61.0,0.492,7.4,19.0,0.39,0.552,13.6,19.1,0.71,10.3,37.7,19.1,6.4,3.2,12.4,16.0,74.1,16.03,9.16,72.0
2023,Big East,3,Creighton,37,5,6,0.649,,109.6,98.1,11.5,27.4,58.5,0.469,8.6,24.4,0.354,0.542,13.0,16.6,0.783,8.3,37.0,15.7,5.0,4.1,11.6,13.1,68.4,17.83,9.8,69.3
2023,Big East,4,UConn,39,6,5,0.795,,114.9,93.8,21.1,27.7,59.8,0.464,9.1,24.9,0.363,0.539,14.0,18.4,0.761,13.0,39.3,17.5,6.3,4.9,12.9,17.7,64.1,22.95,8.51,68.4
2023,Big East,5,Providence,33,6,6,0.636,,111.2,102.1,9.1,27.3,59.8,0.456,6.6,19.1,0.346,0.511,16.1,21.7,0.742,12.1,38.1,14.6,6.8,4.5,11.7,15.0,71.0,12.89,6.55,68.2
2023,Big East,6,Seton Hall,33,6,7,0.515,,100.9,96.1,4.8,23.8,54.1,0.439,5.8,17.7,0.325,0.492,15.1,22.0,0.686,10.6,35.1,12.2,8.2,4.3,13.8,17.8,65.1,11.0,8.5,67.8
2023,Big East,7,Villanova,34,5,9,0.5,,106.7,103.8,2.9,23.7,54.5,0.436,8.7,26.0,0.334,0.515,13.4,16.4,0.82,7.2,31.7,11.1,5.7,1.7,10.1,15.8,67.7,10.61,8.69,65.0
2023,Big East,8,St. John's (NY),33,3,8,0.545,,103.3,100.4,2.9,29.4,65.4,0.449,5.8,17.7,0.331,0.494,12.7,18.2,0.699,13.1,40.1,15.2,8.2,3.7,14.0,16.2,75.2,8.64,6.49,73.8
2023,Big East,9,Butler,32,3,10,0.438,,97.0,101.0,-4.0,24.1,55.2,0.436,6.5,19.8,0.327,0.495,10.6,14.3,0.739,6.5,29.9,12.6,6.8,4.3,11.8,13.4,67.9,5.85,8.54,67.2
2023,Big East,10,DePaul,33,2,12,0.303,,100.4,109.0,-8.6,25.4,59.4,0.427,8.3,22.5,0.368,0.497,12.1,16.4,0.739,9.2,32.4,13.8,6.4,4.7,12.9,18.3,77.3,2.9,9.03,69.8
2023,Big East,11,Georgetown,32,1,11,0.219,,99.1,111.3,-12.2,25.6,60.4,0.423,5.8,18.7,0.309,0.471,12.6,17.6,0.718,10.8,36.0,11.9,6.2,4.6,12.3,14.4,78.1,-1.07,7.52,69.6
2024,Big East,1,UConn,40,9,3,0.925,,123.3,96.0,27.3,29.4,59.2,0.497,8.5,23.8,0.358,0.569,14.1,18.9,0.743,11.7,38.8,18.7,6.2,5.4,9.6,16.3,63.4,26.7,8.7,66.0
2024,Big East,2,Creighton,35,8,5,0.714,,116.2,100.9,15.2,29.0,60.0,0.484,10.7,29.1,0.368,0.573,11.7,14.8,0.788,8.4,38.1,16.8,3.8,4.1,10.6,11.5,69.9,20.07,9.53,67.6
2024,Big East,3,Marquette,37,7,5,0.73,,112.0,100.2,11.8,29.1,61.0,0.478,8.8,25.1,0.352,0.55,10.9,15.6,0.703,8.7,32.8,15.9,8.6,3.5,10.0,15.0,69.8,19.27,11.02,69.4
2024,Big East,4,Seton Hall,37,5,7,0.676,,108.1,102.4,5.7,26.7,59.0,0.452,6.2,18.4,0.336,0.504,14.2,18.2,0.782,12.0,37.3,13.0,7.6,4.8,12.6,15.2,69.9,12.67,8.8,67.4
2024,Big East,5,St. John's (NY),33,5,6,0.606,,113.3,103.4,9.9,29.4,64.8,0.453,7.2,21.1,0.341,0.509,12.9,17.7,0.728,14.4,38.8,15.7,7.0,5.5,10.9,18.0,71.9,16.49,9.58,69.6
2024,Big East,6,Providence,35,4,7,0.6,,104.7,99.5,5.2,25.5,57.5,0.443,8.3,25.5,0.325,0.515,13.2,18.3,0.722,9.2,35.9,13.6,6.4,4.6,12.1,15.8,68.8,12.56,8.93,68.4
2024,Big East,7,Villanova,34,4,8,0.529,,106.9,99.8,7.0,24.3,57.2,0.425,9.3,27.4,0.338,0.506,12.4,15.3,0.808,8.5,34.8,12.9,5.8,2.4,9.6,15.3,65.6,14.44,9.82,64.3
2024,Big East,8,Butler,33,4,7,0.545,,108.6,103.8,4.8,27.9,61.7,0.453,8.4,23.6,0.355,0.521,12.8,16.2,0.791,9.3,35.2,15.1,6.2,3.3,10.9,13.8,73.7,12.18,9.49,69.4
2024,Big East,9,Xavier,34,3,9,0.471,,106.1,104.4,1.7,27.1,62.2,0.436,6.8,19.9,0.342,0.491,14.7,19.8,0.746,11.8,38.1,16.2,6.9,3.4,11.6,16.8,74.6,12.23,11.03,71.5
2024,Big East,10,Georgetown,32,2,10,0.281,,104.3,114.6,-10.3,24.2,58.3,0.415,8.3,23.9,0.346,0.486,14.1,19.8,0.714,12.2,34.1,12.2,5.7,3.1,12.2,16.7,77.9,0.68,7.72,67.4
2024,Big East,11,DePaul,32,0,11,0.094,,94.7,119.6,-24.9,22.7,53.6,0.423,6.3,18.7,0.335,0.481,13.2,17.9,0.733,7.3,29.7,12.3,5.3,3.1,13.6,15.1,81.8,-6.23,10.8,68.4
2025,Big East,1,St. John's (NY),36,8,2,0.861,,110.3,92.5,17.8,29.3,65.7,0.445,6.1,20.4,0.301,0.492,13.8,19.9,0.691,14.9,41.3,15.7,8.9,5.2,10.9,16.7,65.8,21.25,8.56,70.1
2025,Big East,2,Creighton,36,6,5,0.694,,110.7,102.7,8.0,27.1,56.7,0.477,9.6,27.7,0.345,0.561,11.8,16.2,0.728,8.4,37.4,17.1,3.6,4.5,12.2,11.1,70.0,16.49,11.04,67.7
2025,Big East,3,UConn,35,7,4,0.686,,117.6,103.9,13.7,27.3,57.4,0.475,8.5,24.5,0.348,0.55,14.0,17.7,0.791,11.2,35.7,17.3,5.4,6.2,11.1,18.3,68.0,17.87,8.87,64.6
2025,Big East,4,Marquette,34,7,6,0.676,,111.6,100.2,11.4,27.7,62.4,0.444,9.4,29.0,0.326,0.52,11.6,16.2,0.72,10.9,34.1,13.7,9.0,3.6,9.4,16.0,68.7,18.19,10.37,68.1
2025,Big East,5,Xavier,34,5,7,0.647,,111.7,102.4,9.3,26.6,57.0,0.467,8.4,21.4,0.391,0.541,16.5,20.9,0.789,7.8,33.3,16.7,7.7,2.5,10.9,15.7,71.6,15.25,8.72,69.4
2025,Big East,6,Villanova,36,3,8,0.583,,115.7,106.5,9.1,25.7,56.0,0.46,9.6,24.5,0.39,0.545,13.0,16.3,0.796,9.6,34.2,12.4,5.6,2.3,9.8,15.7,68.2,13.28,7.45,63.8
2025,Big East,7,Georgetown,34,3,9,0.529,,105.2,101.6,3.5,26.8,60.6,0.442,7.5,23.1,0.323,0.504,10.9,15.5,0.704,11.3,35.2,14.1,7.9,3.7,11.6,15.6,69.6,8.18,5.77,68.4
2025,Big East,8,Butler,35,2,9,0.429,,110.2,110.4,-0.2,25.5,55.5,0.46,8.5,23.1,0.37,0.537,15.1,20.4,0.74,8.5,34.9,13.9,4.0,2.7,11.0,13.6,74.9,10.03,10.14,67.6
2025,Big East,9,Providence,32,2,9,0.375,,106.6,108.4,-1.7,25.2,57.3,0.44,9.3,26.1,0.356,0.521,11.6,16.9,0.686,11.3,37.1,12.9,5.0,3.4,12.7,17.2,72.5,7.17,8.33,66.6
2025,Big East,10,DePaul,34,2,10,0.412,,104.7,107.6,-2.9,25.9,58.1,0.446,9.2,26.8,0.344,0.525,11.4,16.1,0.705,9.1,34.4,15.4,6.1,3.6,12.5,16.3,74.5,5.3,7.33,67.7
2025,Big East,11,Seton Hall,32,0,11,0.219,,94.0,107.2,-13.2,22.1,55.3,0.4,5.3,16.8,0.312,0.447,12.1,18.2,0.663,11.2,31.1,11.2,8.1,3.4,12.5,18.0,70.2,-0.26,8.36,64.7
2015,Mid-American,1,Buffalo,33,9,7,0.697,,108.5,99.3,9.2,25.4,58.2,0.435,6.0,17.7,0.341,0.487,17.8,24.8,0.719,12.7,38.2,13.1,7.5,4.0,11.5,18.6,68.3,7.93,1.6,68.7
2015,Mid-American,2,Central Michigan,32,6,7,0.719,,117.0,102.2,14.8,26.5,56.8,0.467,10.1,27.0,0.373,0.556,15.2,20.9,0.725,10.2,33.8,14.0,7.1,2.6,10.2,17.6,68.3,5.56,-1.1,66.6
2015,Mid-American,3,Kent State,35,10,6,0.657,,105.0,99.9,5.0,22.8,53.4,0.427,7.1,19.8,0.361,0.494,13.4,20.4,0.658,11.6,34.9,10.5,5.1,3.8,11.2,18.4,62.9,2.04,-0.94,62.1
2015,Mid-American,4,Bowling Green,33,10,5,0.636,,103.9,98.2,5.7,23.6,54.7,0.431,6.6,19.6,0.337,0.491,12.7,17.8,0.714,10.8,35.0,12.3,6.6,3.7,11.7,16.7,62.9,2.93,-1.25,63.8
2015,Mid-American,5,Toledo,33,9,7,0.606,,111.1,104.9,6.3,26.2,55.7,0.47,5.9,16.2,0.366,0.523,17.0,22.9,0.742,10.9,36.5,13.1,5.2,3.3,12.3,17.1,71.0,4.86,0.62,67.2
2015,Mid-American,6,Western Michigan,34,5,9,0.588,,107.7,105.6,2.1,24.1,53.0,0.454,6.9,19.1,0.364,0.52,15.5,22.1,0.703,9.9,32.6,12.5,6.5,2.3,11.9,18.1,69.2,0.25,0.19,64.8
2015,Mid-American,7,Akron,35,2,9,0.6,,104.8,96.9,7.9,23.5,56.6,0.416,9.4,26.8,0.35,0.498,11.6,17.6,0.658,12.0,35.7,12.4,6.6,4.4,12.1,18.7,62.9,3.65,-0.47,64.7
2015,Mid-American,8,Eastern Michigan,35,4,10,0.6,,102.9,94.5,8.4,23.0,56.1,0.411,6.6,21.2,0.31,0.469,16.8,23.3,0.718,11.5,36.3,10.6,8.7,4.5,11.7,18.8,63.7,1.96,-0.14,66.7
2015,Mid-American,9,Miami (OH),32,3,10,0.406,,99.8,104.7,-4.8,23.1,52.5,0.44,5.8,17.1,0.342,0.496,14.3,20.1,0.709,8.4,30.8,11.7,7.7,2.0,12.8,18.8,69.6,-3.75,0.31,65.4
2015,Mid-American,10,Northern Illinois,30,4,11,0.467,,101.4,102.3,-0.9,22.0,51.4,0.428,5.0,15.7,0.317,0.477,16.7,24.5,0.68,12.4,34.6,9.8,7.5,2.4,14.2,19.1,66.3,-1.79,-0.14,64.0
2015,Mid-American,11,Ohio,30,1,11,0.333,,100.1,106.9,-6.8,24.2,55.9,0.433,7.2,21.2,0.341,0.498,11.9,16.2,0.735,8.9,34.1,11.4,5.1,4.3,12.7,17.1,72.2,-4.15,0.45,67.2
2015,Mid-American,12,Ball State,30,1,14,0.233,,99.9,105.5,-5.6,22.3,52.7,0.423,7.8,22.8,0.342,0.497,13.0,18.7,0.693,10.1,32.7,12.8,5.3,2.4,14.1,19.2,69.0,-5.06,0.04,64.0
2016,Mid-American,1,Akron,35,6,8,0.743,,110.4,98.0,12.4,26.0,60.3,0.432,11.7,30.5,0.383,0.528,12.9,18.8,0.684,10.7,37.4,14.5,5.4,3.9,10.9,17.7,68.0,5.55,-1.24,69.2
2016,Mid-American,2,Ohio,35,5,6,0.657,,110.7,105.5,5.2,26.8,56.9,0.47,8.5,21.9,0.386,0.544,16.5,21.7,0.759,8.3,35.7,13.9,4.5,3.7,11.8,18.1,74.8,1.9,-1.18,70.4
2016,Mid-American,3,Ball State,35,6,8,0.6,,104.8,98.8,6.0,24.4,54.8,0.446,8.7,23.4,0.373,0.525,13.3,19.1,0.693,9.4,36.4,14.6,5.5,3.6,13.3,19.0,66.8,0.11,-2.98,66.2
2016,Mid-American,4,Buffalo,35,5,9,0.571,,105.9,102.9,2.9,26.1,59.9,0.437,7.5,22.2,0.339,0.499,17.6,24.8,0.71,12.1,38.9,12.6,6.9,3.5,13.6,21.4,75.3,1.34,0.9,72.6
2016,Mid-American,5,Central Michigan,33,4,8,0.515,,111.8,107.6,4.2,26.3,59.5,0.441,9.8,27.8,0.353,0.524,13.2,18.4,0.719,9.8,34.9,13.4,4.7,2.7,9.2,18.4,72.8,-0.67,-1.3,67.4
2016,Mid-American,6,Kent State,32,6,8,0.594,,107.5,105.5,2.0,26.1,58.5,0.446,5.8,17.6,0.328,0.495,15.9,23.3,0.683,12.7,37.6,11.7,5.3,3.3,11.8,18.1,72.4,-1.53,-1.47,68.1
2016,Mid-American,7,Eastern Michigan,33,4,11,0.545,,106.0,102.1,3.9,26.5,59.4,0.446,5.7,18.2,0.311,0.494,18.7,25.9,0.721,11.7,36.2,11.5,9.5,3.7,12.9,20.4,74.5,-0.14,1.24,72.5
2016,Mid-American,8,Northern Illinois,34,3,10,0.618,,103.8,96.3,7.5,24.8,57.9,0.427,7.0,20.0,0.349,0.488,15.9,23.3,0.684,12.2,39.1,13.9,7.4,3.5,12.6,20.2,67.2,-0.46,-1.2,69.3
2016,Mid-American,9,Toledo,32,6,8,0.531,,110.2,101.5,8.7,27.0,58.8,0.46,8.2,22.6,0.364,0.53,15.3,20.5,0.747,9.6,36.3,16.3,5.2,2.0,11.7,17.3,71.4,2.96,-2.36,70.4
2016,Mid-American,10,Western Michigan,32,2,12,0.406,,104.0,104.5,-0.4,24.6,57.0,0.431,6.2,17.8,0.346,0.485,17.9,25.2,0.712,11.2,37.2,11.9,5.7,2.5,12.5,19.8,73.5,-2.07,0.06,68.7
2016,Mid-American,11,Miami (OH),33,3,11,0.394,,96.6,104.0,-7.4,21.8,54.0,0.404,5.4,17.6,0.306,0.454,14.3,19.6,0.729,9.9,32.4,10.2,6.6,2.2,12.2,18.7,68.2,-5.91,-0.25,65.6
2016,Mid-American,12,Bowling Green,34,7,8,0.471,,101.8,104.2,-2.4,25.0,56.3,0.444,6.0,16.6,0.361,0.497,14.7,22.4,0.656,10.1,36.4,11.7,6.1,3.3,12.6,19.3,72.3,-5.88,-1.85,69.4
2017,Mid-American,1,Akron,36,7,6,0.75,,113.2,104.1,9.1,26.4,56.5,0.466,10.2,27.3,0.372,0.556,14.1,20.7,0.683,9.9,34.6,14.4,5.5,3.3,11.7,18.1,70.8,3.59,-1.21,68.0
2017,Mid-American,2,Ball State,34,7,7,0.618,,106.7,102.3,4.4,27.3,59.2,0.461,9.4,24.7,0.379,0.54,14.7,20.5,0.718,9.9,37.7,15.6,6.0,3.5,14.6,19.4,75.5,-1.45,-3.57,72.7
2017,Mid-American,3,Buffalo,32,8,7,0.531,,106.1,101.4,4.7,27.4,60.8,0.451,7.5,22.7,0.33,0.513,15.4,22.2,0.692,12.4,40.5,14.3,5.7,4.0,14.2,23.0,74.2,0.92,-1.01,72.9
2017,Mid-American,4,Ohio,31,7,6,0.645,,106.8,96.9,9.9,26.9,59.3,0.455,9.2,23.9,0.384,0.532,13.9,20.2,0.69,9.2,36.8,13.4,5.9,2.8,12.5,17.7,69.9,3.9,-2.56,72.1
2017,Mid-American,5,Western Michigan,32,3,9,0.5,,106.4,106.1,0.4,27.0,59.8,0.451,6.5,17.6,0.371,0.505,15.1,21.4,0.704,11.6,36.1,12.9,5.7,2.8,12.5,18.8,75.3,-0.78,-0.55,70.7
2017,Mid-American,6,Kent State,36,7,5,0.611,,107.0,101.4,5.6,27.4,63.9,0.428,7.1,22.3,0.32,0.484,15.1,21.0,0.719,15.0,40.4,12.5,6.4,3.7,12.9,19.0,73.0,0.88,-1.63,70.7
2017,Mid-American,7,Toledo,34,4,10,0.5,,109.7,105.3,4.4,27.8,57.8,0.48,7.7,21.3,0.362,0.547,15.4,22.2,0.695,10.0,37.5,16.2,4.0,2.7,13.1,16.9,75.5,1.16,-0.9,69.2
2017,Mid-American,8,Bowling Green,32,3,12,0.406,,100.1,104.3,-4.2,26.0,61.2,0.425,6.9,20.1,0.342,0.481,14.7,22.1,0.667,11.0,36.0,12.2,6.9,2.7,12.8,19.5,76.7,-6.0,-2.0,72.7
2017,Mid-American,9,Eastern Michigan,33,5,10,0.485,,108.3,101.7,6.6,27.8,62.0,0.449,6.4,18.7,0.343,0.5,15.7,21.7,0.725,12.7,36.4,13.4,9.6,4.4,12.1,21.3,73.0,-0.18,0.16,71.2
2017,Mid-American,10,Northern Illinois,32,6,9,0.469,,101.8,99.7,2.2,25.9,59.1,0.438,5.0,16.1,0.312,0.48,15.4,22.8,0.677,12.5,37.8,10.8,7.1,2.5,13.4,19.3,70.7,-3.29,-2.05,69.3
2017,Mid-American,11,Central Michigan,32,5,9,0.5,,112.2,111.5,0.8,28.5,67.3,0.424,12.5,34.8,0.358,0.516,18.8,23.8,0.791,11.4,38.9,11.3,5.7,2.9,11.3,19.1,87.7,-5.76,-2.63,77.8
2017,Mid-American,12,Miami (OH),32,1,13,0.344,,97.4,103.3,-5.8,24.6,56.7,0.434,6.2,20.2,0.308,0.488,14.9,21.5,0.691,9.3,34.1,11.4,7.4,3.9,14.6,20.1,74.5,-8.16,-2.1,71.6
2018,Mid-American,1,Buffalo,36,8,5,0.75,,113.4,102.0,11.3,30.7,64.8,0.473,9.8,26.3,0.37,0.549,13.5,19.3,0.699,11.9,38.6,16.6,6.3,4.1,12.4,21.0,76.2,7.99,0.25,73.9
2018,Mid-American,2,Toledo,34,9,6,0.676,,113.0,106.5,6.5,26.9,57.4,0.467,9.6,24.0,0.401,0.551,15.7,21.3,0.737,9.4,36.9,15.5,3.7,4.0,11.6,15.9,74.5,2.65,-1.75,69.9
2018,Mid-American,3,Eastern Michigan,35,7,9,0.629,,105.0,97.9,7.1,26.7,57.4,0.464,6.7,19.9,0.335,0.522,11.7,17.1,0.683,10.2,35.1,12.9,8.7,6.5,12.8,16.0,66.8,-0.23,-2.81,67.5
2018,Mid-American,4,Ball State,32,5,10,0.594,,104.7,102.6,2.1,26.8,59.2,0.452,7.7,22.7,0.337,0.516,14.2,20.1,0.705,10.0,37.8,14.2,5.3,3.5,13.2,17.1,73.8,-1.22,-2.0,71.1
2018,Mid-American,5,Kent State,34,2,11,0.5,,103.1,104.0,-0.8,25.6,60.3,0.425,7.5,23.0,0.326,0.487,14.3,19.6,0.728,11.5,35.9,11.6,5.9,3.6,13.0,18.8,73.6,-3.73,-1.76,70.3
2018,Mid-American,6,Western Michigan,32,6,7,0.531,,107.7,105.3,2.4,26.4,60.2,0.439,7.3,21.2,0.344,0.499,15.0,20.6,0.727,11.1,35.3,12.7,6.5,3.1,10.7,17.5,73.4,-2.22,-1.99,69.4
2018,Mid-American,7,Miami (OH),34,6,11,0.471,,102.6,100.7,1.9,26.1,59.0,0.442,8.9,25.8,0.343,0.517,11.1,16.1,0.686,10.0,36.2,13.3,7.6,2.6,13.3,16.7,70.7,-3.56,-1.15,68.7
2018,Mid-American,8,Bowling Green,32,6,9,0.5,,103.6,106.2,-2.6,25.8,61.3,0.421,7.5,21.6,0.349,0.483,16.7,22.8,0.732,11.6,38.3,13.3,5.9,2.6,12.8,17.8,77.8,-6.38,-2.88,71.9
2018,Mid-American,9,Central Michigan,36,6,9,0.583,,112.0,105.1,6.9,26.5,60.8,0.436,9.9,28.8,0.343,0.517,15.9,19.8,0.806,11.3,36.3,13.7,6.3,3.3,11.6,15.9,73.9,-1.39,-3.24,69.1
2018,Mid-American,10,Ohio,31,2,10,0.452,,100.5,101.3,-0.8,27.1,61.1,0.443,7.9,21.3,0.369,0.508,13.3,18.7,0.712,8.4,36.4,14.3,6.7,3.3,13.3,16.1,75.9,-2.52,-1.65,72.6
2018,Mid-American,11,Akron,32,2,10,0.438,,102.7,107.9,-5.1,24.8,57.0,0.435,9.5,26.6,0.358,0.518,12.7,18.2,0.696,9.6,33.5,13.1,5.9,2.5,13.8,19.9,75.3,-6.82,-1.92,69.0
2018,Mid-American,12,Northern Illinois,32,1,13,0.406,,104.2,108.2,-4.0,26.5,58.1,0.456,5.3,16.0,0.33,0.502,14.1,19.5,0.726,9.8,34.4,9.2,6.7,1.8,11.8,18.6,75.2,-6.71,-1.71,69.3
2019,Mid-American,1,Buffalo,36,12,3,0.889,,112.8,94.7,18.1,30.1,65.1,0.462,9.6,28.4,0.337,0.535,14.6,21.3,0.687,12.6,40.8,16.6,7.3,3.9,12.0,18.3,70.8,15.56,2.62,74.5
2019,Mid-American,2,Toledo,33,8,5,0.758,,109.4,97.3,12.1,27.3,60.3,0.453,9.8,26.0,0.378,0.534,12.4,16.1,0.772,9.9,38.8,16.3,5.2,4.6,12.2,15.7,68.4,8.21,0.71,69.7
2019,Mid-American,3,Bowling Green,34,5,8,0.647,,106.9,100.0,6.9,27.8,62.8,0.443,8.0,22.4,0.357,0.507,14.9,22.2,0.67,12.0,41.1,12.6,6.7,2.6,12.1,17.5,73.4,4.24,0.86,72.8
2019,Mid-American,4,Kent State,33,8,7,0.667,,107.5,104.7,2.8,26.6,61.6,0.432,7.9,23.5,0.337,0.496,14.1,19.4,0.724,12.5,35.9,13.0,6.8,3.6,11.5,18.2,73.2,1.26,0.61,69.4
2019,Mid-American,5,Central Michigan,35,7,6,0.657,,110.5,102.7,7.9,28.3,62.2,0.455,8.7,23.5,0.371,0.525,17.4,25.9,0.671,12.0,37.7,13.3,7.6,3.1,12.1,16.9,76.9,2.79,-0.34,73.6
2019,Mid-American,6,Eastern Michigan,32,4,10,0.469,,102.3,102.7,-0.5,25.6,57.0,0.449,5.8,19.8,0.295,0.5,11.9,18.9,0.629,12.5,36.1,11.5,7.4,4.5,13.8,16.5,69.2,0.4,4.43,66.5
2019,Mid-American,7,Akron,33,1,10,0.515,,100.1,92.9,7.2,24.2,59.0,0.409,9.0,28.2,0.32,0.485,11.5,16.3,0.705,9.5,36.5,12.1,5.6,3.2,11.8,17.2,63.8,4.86,1.09,68.5
2019,Mid-American,8,Northern Illinois,34,5,9,0.5,,106.5,102.6,4.0,27.6,58.7,0.471,6.7,18.9,0.357,0.529,11.7,16.0,0.731,8.9,34.7,11.0,5.5,2.2,11.9,19.2,71.0,2.58,1.11,68.4
2019,Mid-American,9,Miami (OH),32,4,10,0.469,,102.6,101.0,1.5,24.3,57.7,0.421,8.4,26.0,0.323,0.494,13.9,19.6,0.709,11.0,37.2,10.9,6.1,2.7,12.9,18.2,69.8,0.77,2.31,68.8
2019,Mid-American,10,Ball State,33,8,7,0.485,,103.1,98.3,4.8,26.9,57.3,0.47,6.1,18.8,0.325,0.523,15.1,21.5,0.702,9.3,37.7,12.9,6.6,3.6,14.5,17.5,71.6,3.39,1.21,71.7
2019,Mid-American,11,Ohio,31,3,10,0.452,,96.9,101.9,-5.1,25.9,59.3,0.437,6.0,20.4,0.295,0.488,12.3,19.4,0.633,10.7,37.2,14.5,6.5,3.7,14.5,16.3,73.8,-1.84,3.16,71.5
2019,Mid-American,12,Western Michigan,32,2,14,0.25,,98.5,107.0,-8.5,24.2,56.9,0.425,7.1,22.6,0.315,0.487,14.7,21.3,0.691,10.8,37.4,11.7,4.6,2.4,15.3,17.6,76.2,-6.26,1.48,70.2
2021,Mid-American,1,Toledo,30,7,5,0.7,,114.0,102.1,11.9,28.4,62.3,0.456,10.5,28.1,0.372,0.54,13.8,17.7,0.78,10.7,37.6,16.0,6.1,2.5,11.1,15.3,72.6,6.59,-1.88,70.2
2021,Mid-American,2,Akron,23,5,5,0.652,,110.2,101.8,8.5,27.3,61.5,0.444,9.4,28.3,0.333,0.52,14.1,18.7,0.758,11.4,38.9,13.3,4.9,3.7,11.8,18.0,72.2,1.85,-1.96,70.1
2021,Mid-American,3,Buffalo,25,5,3,0.64,,108.6,97.3,11.3,30.6,66.5,0.461,7.0,20.7,0.338,0.514,13.1,19.5,0.671,14.8,43.8,15.9,8.0,4.1,13.9,17.7,72.9,6.5,-1.58,74.2
2021,Mid-American,4,Kent State,23,6,5,0.652,,107.6,99.7,7.9,27.6,62.3,0.443,8.0,24.7,0.326,0.508,13.4,17.3,0.778,12.6,39.1,14.3,6.8,3.3,13.6,17.0,71.1,1.74,-1.9,70.9
2021,Mid-American,5,Bowling Green,26,10,3,0.538,,106.8,102.8,4.0,27.8,66.6,0.418,8.2,25.7,0.319,0.48,13.6,18.5,0.736,12.5,38.3,12.6,7.1,2.2,9.8,17.0,74.6,-0.17,-2.37,71.9
2021,Mid-American,6,Miami (OH),23,5,6,0.522,,106.7,105.6,1.0,26.0,59.5,0.437,8.6,23.5,0.365,0.509,11.7,15.1,0.776,9.8,34.7,12.1,4.4,2.6,10.8,16.9,71.6,-2.67,-2.72,67.4
2021,Mid-American,7,Ohio,25,4,4,0.68,,110.6,101.4,9.2,29.1,60.8,0.479,8.4,23.7,0.352,0.548,12.6,17.9,0.703,9.6,35.3,17.5,6.4,2.1,12.0,15.8,72.6,5.48,-0.57,71.6
2021,Mid-American,8,Ball State,23,3,8,0.435,,102.7,103.7,-1.0,26.7,60.2,0.443,8.5,24.8,0.342,0.513,13.0,17.3,0.751,10.0,36.9,13.8,5.5,2.4,14.3,19.2,75.5,-1.96,-1.22,72.0
2021,Mid-American,9,Western Michigan,21,3,7,0.238,,92.4,105.4,-13.0,23.8,54.9,0.433,6.7,20.3,0.33,0.494,8.9,13.9,0.639,8.0,33.8,11.7,4.4,2.0,14.5,16.5,72.0,-11.51,-1.21,68.3
2021,Mid-American,10,Central Michigan,23,2,9,0.304,,102.5,106.5,-4.0,27.4,61.6,0.445,6.6,20.1,0.329,0.499,15.3,22.7,0.673,10.5,36.2,10.7,8.2,2.9,13.3,17.2,79.8,-12.34,-4.19,74.9
2021,Mid-American,11,Eastern Michigan,18,1,8,0.333,,98.6,106.0,-7.4,24.9,59.8,0.416,7.1,22.8,0.311,0.475,13.5,18.1,0.745,9.4,33.0,11.0,8.8,2.4,12.3,15.2,75.7,-14.23,-1.23,71.4
2021,Mid-American,12,Northern Illinois,19,1,9,0.158,,91.8,114.1,-22.3,24.0,60.2,0.399,5.5,16.9,0.324,0.444,8.8,14.4,0.615,12.8,36.0,10.7,5.8,3.4,13.7,18.0,77.4,-17.9,-2.8,67.4
2022,Mid-American,1,Toledo,34,9,5,0.765,,113.7,97.7,16.0,29.9,62.4,0.479,6.9,19.5,0.354,0.535,13.2,17.5,0.754,10.6,39.9,15.3,5.5,2.8,10.2,15.1,68.6,6.26,-3.22,70.3
2022,Mid-American,2,Kent State,34,8,5,0.676,,105.6,96.6,9.0,25.1,56.8,0.441,7.6,22.7,0.333,0.508,13.6,18.2,0.746,10.4,35.9,12.4,7.1,3.4,12.2,18.1,65.2,-0.13,-3.07,67.5
2022,Mid-American,3,Akron,34,8,4,0.706,,109.8,97.3,12.4,24.3,52.9,0.46,7.8,22.0,0.354,0.533,14.2,20.6,0.689,9.8,34.9,11.6,5.9,3.2,11.4,15.8,62.6,0.91,-3.93,64.1
2022,Mid-American,4,Ohio,35,8,6,0.714,,107.3,98.5,8.8,25.7,59.5,0.431,9.0,26.9,0.335,0.507,13.7,18.8,0.729,10.0,34.1,12.6,7.5,2.6,10.5,14.4,67.9,1.5,-4.17,69.0
2022,Mid-American,5,Buffalo,30,9,6,0.633,,110.3,99.7,10.6,29.7,65.2,0.455,8.5,24.9,0.342,0.52,12.0,17.0,0.709,14.2,42.4,15.0,7.1,4.6,13.2,17.1,72.3,1.9,-3.21,72.5
2022,Mid-American,6,Ball State,31,4,9,0.452,,103.4,106.8,-3.4,25.4,57.5,0.442,8.5,23.7,0.361,0.516,14.9,21.5,0.694,9.7,35.6,13.2,6.1,2.4,14.0,17.9,76.8,-7.99,-4.56,71.6
2022,Mid-American,7,Miami (OH),32,5,9,0.438,,108.3,105.7,2.6,27.2,61.9,0.439,9.1,26.4,0.346,0.513,11.8,14.9,0.787,9.8,34.6,13.8,5.5,3.2,10.4,16.0,73.5,-6.35,-4.14,68.9
2022,Mid-American,8,Bowling Green,31,3,10,0.419,,107.1,107.4,-0.3,28.4,65.3,0.435,8.2,24.2,0.34,0.498,15.2,20.5,0.739,12.1,38.8,12.6,7.3,3.4,12.3,17.7,80.5,-8.82,-4.44,74.4
2022,Mid-American,9,Central Michigan,30,5,11,0.233,,95.4,111.4,-16.0,23.1,56.5,0.409,7.7,22.7,0.341,0.478,11.9,17.2,0.692,9.2,33.2,11.5,6.3,3.0,13.6,19.9,77.0,-12.56,-1.52,68.8
2022,Mid-American,10,Northern Illinois,30,6,11,0.3,,93.1,103.9,-10.8,23.0,54.9,0.419,5.8,18.4,0.317,0.472,12.3,18.2,0.675,8.5,32.3,11.2,6.3,2.7,13.7,20.4,71.5,-10.5,-3.07,68.6
2022,Mid-American,11,Eastern Michigan,31,2,14,0.323,,95.4,104.9,-9.5,25.2,58.6,0.431,6.3,20.5,0.308,0.485,12.4,17.8,0.695,8.3,34.8,10.1,5.8,3.2,13.8,17.5,76.0,-10.86,-3.03,70.7
2022,Mid-American,12,Western Michigan,31,2,13,0.258,,97.1,111.6,-14.5,23.5,56.0,0.421,8.5,25.4,0.332,0.496,9.8,14.1,0.7,9.1,33.1,10.3,5.3,2.3,13.7,16.8,75.1,-13.51,-2.3,66.5
2023,Mid-American,1,Toledo,35,10,4,0.771,,120.6,108.6,12.0,30.2,61.1,0.494,8.6,21.8,0.395,0.565,16.4,21.3,0.77,10.1,34.1,14.9,6.8,2.9,9.6,16.1,76.9,5.76,-2.57,70.8
2023,Mid-American,2,Kent State,35,9,6,0.8,,108.9,94.2,14.7,27.3,60.8,0.45,7.9,23.4,0.336,0.514,13.6,18.7,0.726,11.0,35.7,12.3,8.8,3.9,11.4,18.8,65.9,7.53,-1.22,69.7
2023,Mid-American,3,Akron,33,5,6,0.667,,110.3,98.9,11.4,25.6,57.5,0.445,9.1,25.6,0.355,0.524,14.4,19.5,0.739,10.2,35.7,13.4,6.0,2.6,11.2,16.0,66.9,4.19,-1.65,67.2
2023,Mid-American,4,Ball State,32,6,7,0.625,,111.1,104.2,7.0,26.3,55.8,0.471,7.5,20.3,0.369,0.538,16.3,23.7,0.689,10.5,35.8,13.2,5.5,3.8,12.2,16.4,71.6,-1.2,-3.5,68.5
2023,Mid-American,5,Ohio,33,4,11,0.576,,112.7,104.5,8.2,28.6,62.5,0.458,8.9,24.0,0.373,0.53,12.6,17.3,0.73,12.1,37.5,12.5,6.7,2.2,11.2,17.7,73.1,1.07,-2.68,69.7
2023,Mid-American,6,Buffalo,32,3,9,0.469,,104.1,104.3,-0.2,28.3,62.5,0.453,7.0,21.8,0.322,0.509,13.9,19.8,0.704,11.8,37.8,14.7,7.9,3.2,14.1,18.8,77.7,-2.97,0.67,74.2
2023,Mid-American,7,Northern Illinois,32,7,10,0.406,,101.2,105.4,-4.3,26.2,56.8,0.461,7.4,21.2,0.348,0.526,12.3,18.9,0.652,8.7,33.1,12.6,6.5,2.3,14.3,19.3,75.0,-6.55,-2.65,70.9
2023,Mid-American,8,Miami (OH),32,3,9,0.375,,105.7,107.0,-1.3,25.9,56.8,0.457,7.8,23.0,0.34,0.526,14.0,17.8,0.787,9.0,31.9,13.8,6.1,2.9,13.6,18.2,74.5,-7.46,-2.43,69.4
2023,Mid-American,9,Bowling Green,31,4,11,0.355,,106.7,110.3,-3.6,27.1,60.0,0.452,7.2,21.2,0.34,0.512,14.5,20.1,0.725,10.5,35.8,13.8,6.1,3.0,12.2,17.7,78.5,-8.46,-3.81,71.2
2023,Mid-American,10,Central Michigan,31,3,12,0.323,,94.9,105.3,-10.5,22.6,54.5,0.416,6.2,20.5,0.3,0.472,14.3,20.7,0.69,11.1,35.4,10.7,5.8,3.8,15.9,19.8,73.0,-11.97,-2.62,69.0
2023,Mid-American,11,Eastern Michigan,31,2,13,0.258,,101.9,114.0,-12.1,25.9,58.9,0.44,6.2,19.6,0.316,0.492,14.2,18.5,0.767,8.7,31.4,9.6,6.3,2.2,11.8,18.9,80.8,-11.05,-1.88,70.3
2023,Mid-American,12,Western Michigan,31,1,15,0.258,,104.8,111.0,-6.2,25.4,58.7,0.432,8.1,24.4,0.33,0.501,11.1,15.5,0.714,12.2,37.0,12.8,4.6,2.2,12.7,16.8,74.0,-10.55,-2.34,66.7
2024,Mid-American,1,Toledo,32,8,5,0.625,,113.0,107.5,5.5,28.8,60.2,0.478,6.5,17.2,0.376,0.531,16.0,21.3,0.754,9.9,33.8,13.4,7.3,2.0,10.7,15.6,76.1,1.78,-2.09,70.2
2024,Mid-American,2,Akron,35,7,6,0.686,,109.6,98.5,11.1,26.1,57.7,0.453,8.0,24.7,0.324,0.523,13.3,18.3,0.727,10.4,36.5,13.0,5.6,2.9,11.3,16.7,66.2,2.77,-2.08,66.9
2024,Mid-American,3,Ohio,33,5,7,0.606,,111.9,101.3,10.6,27.3,60.2,0.453,8.9,25.1,0.356,0.527,13.8,18.9,0.73,10.1,34.9,14.1,7.1,3.6,9.7,17.0,70.0,0.48,-4.58,68.3
2024,Mid-American,4,Central Michigan,32,7,9,0.563,,97.6,102.8,-5.3,24.7,58.8,0.42,6.3,20.6,0.303,0.473,10.8,16.4,0.66,10.6,36.3,11.4,6.0,3.7,12.0,16.5,70.1,-8.07,-3.59,66.3
2024,Mid-American,5,Bowling Green,34,5,7,0.588,,104.6,100.9,3.7,25.9,60.1,0.431,6.4,21.5,0.296,0.484,15.4,21.5,0.715,11.4,38.0,11.3,6.5,2.8,11.5,15.7,71.0,-4.93,-5.52,69.1
2024,Mid-American,6,Miami (OH),32,6,10,0.469,,102.6,101.8,0.8,24.9,56.3,0.443,8.1,22.4,0.361,0.515,12.6,17.9,0.706,8.0,33.2,14.4,6.3,3.1,11.7,17.3,70.0,-6.45,-4.08,68.5
2024,Mid-American,7,Western Michigan,32,3,12,0.375,,102.7,107.8,-5.2,25.9,59.8,0.433,7.9,23.3,0.339,0.499,11.6,18.6,0.625,12.6,37.9,13.1,5.3,2.7,13.4,17.2,74.9,-9.3,-3.79,68.6
2024,Mid-American,8,Kent State,34,4,9,0.5,,108.5,103.4,5.1,26.2,59.3,0.441,8.3,23.2,0.358,0.511,14.2,19.0,0.746,11.1,34.6,12.8,6.9,2.6,11.9,17.9,71.3,-0.76,-2.54,67.7
2024,Mid-American,9,Ball State,31,6,8,0.484,,107.2,103.4,3.8,24.8,55.7,0.446,7.5,20.7,0.362,0.513,16.5,21.5,0.767,9.5,34.9,12.4,5.5,3.1,12.1,15.1,71.0,-6.68,-5.93,67.8
2024,Mid-American,10,Eastern Michigan,31,4,11,0.419,,98.3,108.2,-9.8,25.3,58.9,0.429,5.7,18.9,0.304,0.478,9.8,14.6,0.667,10.4,34.5,10.4,5.8,2.5,11.6,16.4,72.6,-12.76,-5.07,66.4
2024,Mid-American,11,Northern Illinois,31,5,11,0.355,,103.7,109.6,-5.9,25.8,58.1,0.444,7.3,22.5,0.326,0.507,14.3,21.2,0.672,10.3,35.8,10.2,5.3,4.9,12.7,17.4,77.4,-9.16,-1.37,69.7
2024,Mid-American,12,Buffalo,31,2,11,0.129,,96.1,112.6,-16.5,24.8,59.0,0.421,6.7,24.1,0.277,0.477,11.6,16.3,0.716,10.4,34.9,13.4,6.1,4.5,14.5,15.6,79.7,-15.12,-2.82,70.5
2025,Mid-American,1,Akron,35,8,4,0.8,,115.4,103.1,12.3,30.3,64.6,0.469,10.7,29.7,0.362,0.552,12.7,16.9,0.754,11.8,38.5,17.7,7.6,3.7,11.8,17.8,75.1,3.22,-3.75,72.5
2025,Mid-American,2,Miami (OH),34,6,7,0.735,,113.8,102.7,11.1,29.0,60.2,0.481,10.7,26.9,0.397,0.57,12.0,16.5,0.724,9.4,34.1,16.2,8.0,3.5,12.1,17.7,72.7,-0.92,-5.36,70.6
2025,Mid-American,3,Kent State,36,10,6,0.667,,108.2,100.5,7.7,26.4,60.6,0.436,7.2,22.5,0.319,0.495,13.6,18.2,0.745,12.8,37.1,12.4,7.5,3.1,11.7,18.1,68.3,1.42,-2.67,67.7
2025,Mid-American,4,Ohio,32,3,10,0.5,,110.6,106.0,4.5,28.1,59.8,0.469,8.6,24.0,0.358,0.541,15.0,19.8,0.761,8.2,33.2,14.1,7.2,3.0,10.9,17.5,76.5,-2.63,-4.37,71.6
2025,Mid-American,5,Toledo,33,6,9,0.545,,113.0,114.8,-1.8,28.4,61.2,0.464,5.8,17.4,0.336,0.512,16.2,21.7,0.75,10.8,34.0,13.3,5.4,2.8,9.4,15.8,80.2,-6.03,-2.78,69.6
2025,Mid-American,6,Eastern Michigan,32,6,10,0.5,,106.8,111.1,-4.3,26.0,56.6,0.46,7.5,21.6,0.349,0.526,14.0,19.0,0.737,10.0,32.6,12.5,7.0,3.4,13.0,18.0,76.5,-9.21,-5.38,68.3
2025,Mid-American,7,Western Michigan,32,6,10,0.375,,103.8,109.6,-5.7,26.6,62.3,0.426,5.9,20.7,0.287,0.474,12.9,19.3,0.672,13.2,37.8,12.4,6.9,2.3,11.0,17.9,76.0,-9.55,-4.17,69.4
2025,Mid-American,8,Bowling Green,32,5,8,0.438,,104.8,105.4,-0.6,25.5,58.0,0.439,8.0,23.3,0.342,0.508,14.6,19.6,0.746,9.3,34.4,11.2,7.3,3.2,12.3,17.4,73.9,-9.53,-6.1,70.1
2025,Mid-American,9,Ball State,31,4,9,0.452,,108.4,106.7,1.7,25.2,55.4,0.455,7.1,20.7,0.345,0.519,17.8,25.3,0.704,9.4,35.5,13.1,5.0,2.2,11.7,16.4,74.2,-7.95,-6.49,69.0
2025,Mid-American,10,Central Michigan,31,6,10,0.452,,107.7,102.9,4.8,26.9,58.3,0.462,6.4,19.7,0.325,0.517,15.3,21.1,0.722,10.7,36.1,13.5,7.4,2.9,12.3,16.5,72.2,-4.51,-2.8,69.6
2025,Mid-American,11,Buffalo,31,3,13,0.29,,98.0,110.4,-12.4,25.0,58.7,0.426,7.8,25.8,0.304,0.493,13.9,19.9,0.7,9.2,34.5,13.5,6.7,3.5,14.5,16.7,80.9,-15.16,-3.92,73.3
2025,Mid-American,12,Northern Illinois,31,1,15,0.194,,98.9,107.2,-8.3,24.4,59.5,0.41,9.5,28.5,0.334,0.49,12.6,17.9,0.705,7.4,32.8,12.5,6.1,3.5,11.5,19.7,76.9,-16.6,-4.52,70.9
2015,Missouri Valley,1,Wichita State,35,10,2,0.857,,112.7,92.0,20.7,24.6,55.2,0.445,6.8,19.1,0.357,0.507,14.3,20.4,0.701,11.9,35.6,13.6,7.1,3.8,9.3,16.8,57.4,15.56,3.68,61.9
2015,Missouri Valley,2,Northern Iowa,35,9,3,0.886,,111.9,93.8,18.1,22.2,46.2,0.48,7.3,18.4,0.398,0.559,13.5,18.4,0.733,7.3,30.6,11.8,5.9,2.4,10.4,14.5,54.6,12.54,2.0,57.4
2015,Missouri Valley,3,Illinois State,35,7,6,0.629,,105.2,95.7,9.5,24.2,55.6,0.435,6.1,17.6,0.345,0.489,13.7,19.3,0.714,12.5,35.9,11.7,7.3,4.3,12.8,18.9,62.0,7.96,2.87,64.1
2015,Missouri Valley,4,Indiana State,31,5,7,0.484,,98.6,100.6,-2.0,22.0,51.6,0.425,7.3,20.4,0.357,0.496,15.3,21.7,0.702,8.7,32.5,12.8,5.6,3.2,14.1,18.1,67.8,-0.49,1.21,66.0
2015,Missouri Valley,5,Evansville,36,8,5,0.667,,106.1,98.2,7.9,25.0,51.5,0.485,4.3,12.0,0.355,0.526,16.7,22.3,0.748,7.9,32.4,15.9,5.8,3.6,12.6,17.2,65.6,3.36,-0.07,66.1
2015,Missouri Valley,6,Loyola (IL),37,8,6,0.649,,103.7,99.7,4.0,22.7,48.0,0.474,6.1,15.4,0.392,0.537,11.3,16.4,0.688,7.9,29.1,13.2,6.5,2.3,12.6,15.4,60.4,2.35,0.46,60.4
2015,Missouri Valley,7,Drake,31,1,11,0.29,,100.1,112.4,-12.3,20.5,45.0,0.456,6.5,15.8,0.408,0.528,11.9,15.5,0.768,6.2,26.1,11.9,4.5,1.9,13.2,15.6,66.8,-6.04,2.22,58.9
2015,Missouri Valley,8,Missouri State,31,3,11,0.355,,96.1,103.3,-7.2,21.1,52.0,0.406,5.1,16.5,0.309,0.455,12.4,16.9,0.731,10.2,32.5,11.2,5.2,3.2,12.2,17.7,64.2,-4.92,1.67,61.1
2015,Missouri Valley,9,Southern Illinois,33,2,12,0.364,,96.6,100.4,-3.7,20.6,49.3,0.419,4.2,12.7,0.33,0.461,14.2,20.2,0.702,9.9,31.1,8.3,6.7,2.2,12.8,18.3,61.9,-3.48,-0.6,61.7
2015,Missouri Valley,10,Bradley,33,1,10,0.273,,91.9,98.9,-7.0,19.4,51.5,0.376,5.4,18.0,0.301,0.429,12.9,19.4,0.663,11.4,33.3,9.3,6.9,2.8,12.7,19.5,61.4,-4.3,1.52,61.1
2016,Missouri Valley,1,Wichita State,35,9,3,0.743,,108.8,88.7,20.1,24.8,57.8,0.429,7.1,22.0,0.324,0.49,15.7,21.9,0.717,11.7,37.3,14.0,7.3,3.6,9.9,20.1,59.0,17.39,4.24,66.1
2016,Missouri Valley,2,Evansville,34,8,4,0.735,,107.0,94.1,12.9,25.9,52.8,0.49,4.6,13.2,0.353,0.534,17.9,24.8,0.724,7.6,35.4,17.5,5.2,4.3,12.5,17.7,65.3,8.1,-0.39,68.9
2016,Missouri Valley,3,Illinois State,32,5,8,0.563,,98.8,97.2,1.6,23.7,57.3,0.414,7.4,22.1,0.337,0.478,12.3,18.4,0.668,10.8,35.7,12.6,6.4,3.6,12.7,19.4,66.1,3.4,2.59,67.7
2016,Missouri Valley,4,Northern Iowa,36,6,8,0.639,,106.2,98.8,7.4,23.6,51.8,0.455,8.3,22.1,0.374,0.535,13.3,17.6,0.757,5.4,30.3,11.9,5.7,2.6,9.9,15.6,64.0,8.78,4.44,64.1
2016,Missouri Valley,5,Southern Illinois,32,9,4,0.688,,104.7,98.9,5.8,25.9,57.1,0.453,6.6,19.3,0.343,0.511,15.4,22.4,0.685,11.2,35.5,11.6,7.3,2.0,13.7,21.4,69.7,2.79,-1.3,69.9
2016,Missouri Valley,6,Indiana State,32,2,11,0.469,,95.7,98.0,-2.3,22.3,56.9,0.392,6.6,21.6,0.303,0.45,16.6,23.9,0.693,10.7,37.9,10.6,5.8,2.7,13.2,21.5,69.4,0.04,2.2,70.0
2016,Missouri Valley,7,Missouri State,32,4,8,0.406,,96.6,104.1,-7.5,23.5,56.8,0.414,5.3,16.7,0.315,0.46,15.0,22.3,0.675,10.4,35.5,12.2,6.2,4.1,12.8,19.4,72.5,-3.52,2.58,69.1
2016,Missouri Valley,8,Loyola (IL),32,4,7,0.469,,97.1,98.1,-1.1,22.6,53.1,0.425,6.1,17.7,0.347,0.482,12.9,17.7,0.731,7.7,30.5,11.6,5.9,2.8,12.7,18.3,65.1,-0.7,1.11,65.5
2016,Missouri Valley,9,Bradley,32,1,12,0.156,,82.7,103.2,-20.5,18.9,49.9,0.38,5.2,18.4,0.28,0.431,13.0,19.6,0.662,8.6,33.8,9.1,4.4,2.7,17.1,23.3,69.9,-10.91,3.7,67.3
2016,Missouri Valley,10,Drake,31,0,12,0.226,,101.1,107.7,-6.6,23.7,52.9,0.449,6.9,18.0,0.385,0.515,13.1,18.1,0.722,8.2,33.6,12.2,3.7,2.1,13.6,18.0,71.9,-5.15,0.92,66.0
2017,Missouri Valley,1,Illinois State,35,9,4,0.8,,104.6,92.9,11.8,24.7,56.3,0.439,8.4,22.8,0.369,0.513,11.3,16.9,0.664,10.5,36.9,13.8,7.1,4.9,12.2,17.7,61.3,10.3,2.71,65.8
2017,Missouri Valley,2,Wichita State,36,9,1,0.861,,116.7,89.9,26.8,27.6,58.7,0.469,8.6,21.4,0.403,0.543,17.3,23.6,0.733,12.1,40.9,16.3,6.5,3.9,11.3,18.8,62.4,21.24,2.96,69.4
2017,Missouri Valley,3,Northern Iowa,30,3,9,0.467,,94.4,98.3,-3.9,20.7,52.0,0.399,7.6,23.4,0.326,0.472,12.7,17.3,0.733,6.1,29.3,9.9,6.6,2.8,11.4,15.5,64.4,1.29,5.22,64.7
2017,Missouri Valley,4,Southern Illinois,33,5,9,0.515,,101.6,102.9,-1.3,24.5,56.5,0.433,5.3,16.8,0.316,0.48,14.2,20.4,0.696,10.5,33.8,11.4,6.8,3.9,12.1,18.0,69.4,1.09,2.65,66.4
2017,Missouri Valley,5,Loyola (IL),32,3,9,0.563,,108.0,98.3,9.7,26.6,54.8,0.486,8.1,20.8,0.389,0.56,12.0,17.0,0.709,6.8,31.3,14.8,6.8,2.4,11.8,17.0,66.8,5.15,1.02,66.9
2017,Missouri Valley,6,Bradley,33,3,10,0.394,,95.1,102.6,-7.5,22.2,52.2,0.425,6.6,18.5,0.356,0.488,14.7,21.8,0.673,9.0,35.0,11.3,6.2,3.6,15.1,20.4,70.7,-2.84,2.94,68.6
2017,Missouri Valley,7,Missouri State,33,4,8,0.515,,107.6,102.0,5.6,25.4,57.4,0.442,8.2,22.5,0.363,0.513,13.8,19.8,0.701,11.4,36.7,12.2,5.3,3.8,12.3,17.7,69.0,2.84,1.18,66.4
2017,Missouri Valley,8,Evansville,33,2,9,0.485,,102.3,101.1,1.2,24.2,53.4,0.454,3.8,10.5,0.366,0.49,17.0,23.8,0.713,9.0,34.4,13.4,5.2,3.0,11.8,20.0,68.5,1.45,2.42,67.0
2017,Missouri Valley,9,Drake,31,1,11,0.226,,100.5,108.8,-8.3,24.5,59.9,0.409,8.7,25.2,0.345,0.482,13.5,17.8,0.756,10.0,34.5,13.0,6.1,2.4,12.5,18.2,77.1,-4.71,1.91,70.0
2017,Missouri Valley,10,Indiana State,31,3,10,0.355,,97.1,101.0,-3.8,24.6,59.1,0.416,8.2,23.5,0.349,0.485,12.6,18.6,0.681,8.5,35.8,13.5,6.6,4.1,12.8,21.3,72.7,-1.02,3.18,70.1
2018,Missouri Valley,1,Loyola (IL),38,9,4,0.842,,108.6,94.9,13.7,26.2,51.7,0.507,7.3,18.4,0.396,0.577,11.9,16.5,0.725,6.3,32.2,15.6,6.3,2.4,12.4,13.9,62.6,10.37,1.8,65.9
2018,Missouri Valley,2,Southern Illinois,33,5,8,0.606,,103.0,101.8,1.2,25.4,55.1,0.462,6.5,18.3,0.356,0.521,12.6,18.1,0.696,8.5,32.7,14.1,7.5,3.6,12.7,17.8,69.1,1.37,0.65,66.9
2018,Missouri Valley,3,Drake,34,4,11,0.5,,104.1,103.6,0.5,25.4,58.0,0.437,8.5,23.4,0.364,0.51,14.5,18.8,0.77,8.2,34.1,14.8,6.0,2.5,12.1,15.6,73.4,-0.51,0.58,69.3
2018,Missouri Valley,4,Illinois State,33,3,10,0.545,,101.0,103.3,-2.3,24.6,58.1,0.424,9.1,26.8,0.341,0.503,13.2,19.4,0.683,9.6,35.5,14.2,6.5,4.0,13.3,20.5,73.3,1.07,3.67,69.3
2018,Missouri Valley,5,Bradley,33,4,9,0.606,,101.7,97.7,4.0,23.3,54.2,0.43,6.6,18.6,0.354,0.49,14.2,20.2,0.707,10.9,35.7,13.5,6.5,4.0,13.4,19.0,64.7,2.07,0.35,66.3
2018,Missouri Valley,6,Indiana State,31,5,7,0.419,,100.6,100.9,-0.2,24.6,58.2,0.423,8.7,24.1,0.361,0.498,14.6,20.8,0.705,10.4,36.3,11.6,7.5,3.4,14.4,19.8,72.7,1.53,2.43,70.1
2018,Missouri Valley,7,Evansville,32,2,10,0.531,,99.1,96.8,2.3,22.8,51.6,0.442,5.8,14.0,0.411,0.498,14.0,18.1,0.775,7.7,33.1,13.0,5.9,2.9,13.5,17.8,63.9,0.68,1.35,65.7
2018,Missouri Valley,8,Missouri State,33,4,8,0.545,,105.5,100.2,5.3,25.8,59.2,0.436,7.1,21.4,0.331,0.496,11.4,16.0,0.715,11.8,38.7,12.9,4.6,4.1,11.6,17.4,66.6,3.06,0.43,66.2
2018,Missouri Valley,9,Northern Iowa,32,1,9,0.5,,99.6,96.4,3.2,22.5,53.6,0.42,7.2,21.4,0.335,0.487,12.1,16.8,0.721,8.3,34.7,10.8,5.2,2.5,11.4,15.1,62.2,4.0,3.87,64.3
2018,Missouri Valley,10,Valparaiso,32,3,12,0.469,,100.8,97.7,3.1,24.4,54.4,0.449,6.7,19.5,0.342,0.51,14.9,21.1,0.708,9.2,34.8,12.5,7.3,3.3,14.7,21.2,68.2,0.63,0.93,69.8
2019,Missouri Valley,1,Drake,34,7,6,0.706,,106.3,99.0,7.3,26.7,57.1,0.467,8.2,22.7,0.361,0.539,13.8,18.2,0.757,8.2,35.7,15.2,5.3,3.8,13.2,16.7,70.2,2.52,-0.66,69.6
2019,Missouri Valley,2,Loyola (IL),34,5,7,0.588,,103.0,95.4,7.6,24.4,49.6,0.493,6.1,16.6,0.366,0.554,10.7,16.0,0.666,5.6,29.8,13.8,6.5,2.3,12.0,13.9,60.8,3.99,-0.16,63.7
2019,Missouri Valley,3,Missouri State,32,5,9,0.5,,103.2,100.9,2.3,24.2,53.6,0.452,7.0,20.3,0.345,0.517,13.6,19.6,0.692,8.4,31.3,11.1,6.9,4.0,12.0,16.9,67.4,-1.2,-1.03,66.5
2019,Missouri Valley,4,Southern Illinois,32,7,7,0.531,,102.7,100.3,2.3,25.1,53.8,0.466,6.7,17.8,0.374,0.528,11.8,17.2,0.685,9.0,33.8,13.7,6.6,4.0,14.0,14.8,67.0,1.39,-0.17,66.8
2019,Missouri Valley,5,Bradley,35,5,8,0.571,,100.2,98.3,1.9,23.2,53.5,0.433,6.9,18.7,0.368,0.497,13.3,19.2,0.692,8.9,34.1,12.1,5.3,3.8,12.6,17.6,65.3,-0.08,-0.9,66.2
2019,Missouri Valley,6,Illinois State,33,2,10,0.515,,99.9,102.5,-2.5,24.6,57.2,0.431,7.4,22.2,0.332,0.495,11.7,16.4,0.717,9.0,34.5,12.8,4.9,3.2,12.6,17.5,70.1,-2.06,0.25,67.9
2019,Missouri Valley,7,Northern Iowa,34,3,9,0.471,,99.0,99.7,-0.7,22.6,54.3,0.416,8.1,23.3,0.348,0.491,11.8,15.8,0.747,7.7,32.8,10.9,4.9,2.2,11.6,16.3,65.6,-1.54,0.62,65.8
2019,Missouri Valley,8,Indiana State,31,4,9,0.484,,99.2,102.6,-3.3,24.4,55.5,0.44,5.7,15.8,0.363,0.492,14.6,20.0,0.731,8.1,32.5,11.0,6.7,2.4,13.0,18.9,71.5,-2.72,0.62,69.2
2019,Missouri Valley,9,Valparaiso,33,5,8,0.455,,99.4,98.6,0.8,24.3,54.0,0.45,5.6,17.7,0.316,0.502,12.6,18.0,0.699,8.9,33.8,13.1,6.1,3.1,13.3,16.5,66.3,-3.38,-1.0,66.4
2019,Missouri Valley,10,Evansville,32,2,13,0.344,,97.5,101.1,-3.6,23.3,55.5,0.421,8.3,24.3,0.34,0.495,14.9,20.6,0.721,6.7,34.2,12.3,5.8,2.8,13.0,18.8,72.4,-3.84,0.13,70.8
2021,Missouri Valley,1,Loyola (IL),31,8,3,0.839,,110.5,87.2,23.3,25.9,52.1,0.498,7.1,19.5,0.365,0.567,12.0,16.7,0.719,7.4,32.5,15.8,6.9,2.4,11.7,14.3,56.1,15.12,1.37,63.8
2021,Missouri Valley,2,Drake,31,9,2,0.839,,112.8,95.8,17.0,29.3,60.6,0.483,7.0,19.2,0.367,0.542,10.3,14.5,0.713,10.2,36.1,13.6,7.0,3.0,10.3,15.7,64.5,9.42,-0.48,66.8
2021,Missouri Valley,3,Missouri State,24,7,2,0.708,,106.9,96.7,10.2,26.5,55.5,0.478,7.5,21.5,0.35,0.546,12.8,17.3,0.742,7.8,37.0,13.5,4.7,2.9,12.7,15.4,66.4,5.16,-0.02,68.7
2021,Missouri Valley,4,Indiana State,25,5,6,0.6,,99.6,98.6,1.0,23.2,53.5,0.433,6.0,17.8,0.334,0.489,14.1,19.2,0.734,8.3,31.8,10.7,6.6,2.9,12.1,14.9,65.8,2.04,1.91,66.8
2021,Missouri Valley,5,Evansville,25,1,10,0.36,,102.3,110.0,-7.6,22.8,52.0,0.44,9.6,25.5,0.377,0.532,9.5,13.2,0.718,6.0,26.8,11.6,4.9,2.2,11.0,15.1,69.6,-4.85,-0.01,62.4
2021,Missouri Valley,6,Northern Iowa,25,3,7,0.4,,99.9,102.3,-2.4,25.9,58.4,0.443,7.4,22.9,0.325,0.507,10.3,15.1,0.683,9.2,35.6,13.2,6.4,2.6,13.0,15.2,71.2,-1.75,2.43,68.9
2021,Missouri Valley,7,Valparaiso,28,4,11,0.357,,94.3,98.5,-4.2,23.6,56.3,0.419,6.8,22.7,0.298,0.479,11.1,15.3,0.727,7.0,32.9,12.7,6.5,3.5,12.4,15.9,67.9,-4.21,1.14,68.3
2021,Missouri Valley,8,Bradley,28,2,9,0.429,,103.9,99.4,4.5,26.3,58.4,0.45,6.9,21.5,0.318,0.509,10.1,14.0,0.723,10.1,36.9,13.6,5.1,3.6,12.4,16.3,66.6,0.32,1.17,66.4
2021,Missouri Valley,9,Southern Illinois,26,3,8,0.462,,98.7,102.5,-3.8,23.6,52.4,0.451,8.1,21.5,0.375,0.528,10.2,15.4,0.665,5.3,29.7,13.5,6.2,1.8,12.0,14.2,68.1,-3.56,0.72,65.8
2021,Missouri Valley,10,Illinois State,25,3,9,0.28,,100.3,104.2,-4.0,27.2,59.1,0.46,7.8,22.6,0.345,0.526,9.8,14.9,0.661,8.2,35.2,13.8,6.0,3.4,13.8,16.4,74.8,-5.45,0.38,70.7
2022,Missouri Valley,1,Northern Iowa,32,9,5,0.625,,108.0,103.0,5.0,25.7,56.0,0.459,8.7,24.4,0.355,0.537,14.3,18.2,0.789,6.8,32.6,11.8,5.8,1.4,11.1,13.9,71.0,5.79,3.43,67.6
2022,Missouri Valley,2,Drake,36,8,2,0.694,,109.0,97.9,11.0,27.2,59.1,0.46,7.0,20.4,0.344,0.52,12.5,16.5,0.755,9.9,34.7,11.9,7.0,3.2,10.8,17.0,66.4,7.34,1.04,66.4
2022,Missouri Valley,3,Loyola (IL),33,8,3,0.758,,109.2,92.2,17.0,25.9,54.4,0.476,8.9,23.4,0.379,0.558,12.1,17.0,0.712,7.8,33.9,14.9,6.9,2.4,12.2,17.2,61.5,13.39,2.93,65.7
2022,Missouri Valley,4,Missouri State,34,8,5,0.676,,112.7,100.4,12.3,28.1,58.2,0.482,8.3,22.2,0.374,0.553,12.9,16.1,0.797,8.1,35.3,12.1,5.3,3.3,10.6,15.4,68.9,8.29,1.05,68.1
2022,Missouri Valley,5,Bradley,31,3,8,0.548,,103.2,95.4,7.7,25.8,58.1,0.444,7.8,23.0,0.338,0.511,11.2,16.2,0.689,11.2,38.8,13.5,6.4,4.6,13.5,17.0,65.2,5.79,1.19,68.1
2022,Missouri Valley,6,Southern Illinois,31,4,8,0.516,,101.7,97.5,4.3,23.0,51.6,0.446,7.7,21.8,0.354,0.52,10.3,15.0,0.69,7.0,30.4,12.0,5.5,2.1,11.4,15.3,61.4,2.83,0.73,62.9
2022,Missouri Valley,7,Valparaiso,32,3,8,0.438,,101.8,101.5,0.3,26.1,56.9,0.459,7.2,21.6,0.332,0.523,11.3,14.9,0.759,5.4,32.3,12.5,6.4,3.0,11.1,13.5,70.5,-1.61,0.83,67.4
2022,Missouri Valley,8,Illinois State,33,1,11,0.394,,104.4,105.2,-0.8,26.3,58.4,0.451,7.8,21.4,0.367,0.518,13.6,18.3,0.745,9.7,35.3,12.3,6.8,4.7,13.8,17.4,74.7,-0.78,0.74,69.2
2022,Missouri Valley,9,Indiana State,31,2,11,0.355,,99.4,101.5,-2.1,25.0,56.7,0.441,8.7,26.1,0.333,0.518,11.7,15.0,0.778,6.2,34.0,13.1,6.0,1.9,13.2,15.2,71.9,-3.49,1.94,69.4
2022,Missouri Valley,10,Evansville,30,2,11,0.2,,90.3,108.0,-17.7,21.0,52.7,0.398,8.2,24.8,0.33,0.475,9.1,12.8,0.708,4.8,27.2,10.5,5.9,2.0,11.2,14.7,70.7,-10.95,1.4,64.2
2023,Missouri Valley,1,Bradley,35,8,6,0.714,,106.8,94.8,12.0,26.2,56.8,0.461,7.9,22.2,0.355,0.53,10.4,15.6,0.665,9.7,35.4,13.3,6.8,3.9,11.7,16.1,62.7,6.51,-0.67,65.9
2023,Missouri Valley,2,Drake,35,6,6,0.771,,109.2,93.3,15.9,27.2,58.1,0.469,7.9,21.5,0.37,0.537,12.4,16.2,0.767,7.9,35.7,13.7,5.3,2.6,10.5,14.9,63.9,7.84,-1.14,67.0
2023,Missouri Valley,3,Belmont,32,7,7,0.656,,109.9,103.3,6.6,28.1,59.4,0.472,9.6,24.7,0.388,0.553,10.8,14.8,0.726,8.3,33.0,15.3,7.0,3.2,11.4,15.6,71.8,1.88,-1.93,69.0
2023,Missouri Valley,4,Southern Illinois,33,8,6,0.697,,101.0,94.4,6.6,23.3,52.0,0.448,7.8,24.1,0.326,0.524,11.2,15.5,0.723,6.9,31.5,13.9,7.2,2.1,12.5,16.3,61.4,1.15,-2.14,64.8
2023,Missouri Valley,5,Indiana State,36,7,6,0.639,,110.7,97.2,13.5,28.0,58.0,0.483,9.4,26.6,0.355,0.564,13.9,18.0,0.771,6.9,34.6,15.8,6.5,1.9,12.1,16.3,69.6,4.86,-4.02,71.2
2023,Missouri Valley,6,Missouri State,32,5,8,0.531,,102.9,99.1,3.8,24.1,55.5,0.435,7.9,24.0,0.331,0.506,9.4,15.0,0.626,11.3,35.1,11.7,6.2,4.4,12.3,15.5,63.2,0.35,-1.0,63.0
2023,Missouri Valley,7,Murray State,32,3,11,0.531,,104.0,106.4,-2.4,25.2,57.0,0.441,6.2,18.5,0.332,0.495,14.0,19.0,0.736,9.4,34.7,12.2,5.4,2.6,10.9,14.6,72.0,-4.45,-1.61,66.9
2023,Missouri Valley,8,Northern Iowa,32,4,7,0.438,,102.6,102.3,0.3,25.3,55.9,0.453,7.4,21.8,0.34,0.52,12.1,17.3,0.697,7.6,32.8,11.6,6.4,1.4,12.0,15.6,69.9,-2.68,-1.07,67.8
2023,Missouri Valley,9,Illinois State,32,3,9,0.344,,99.6,105.6,-6.0,23.0,53.1,0.434,7.3,21.6,0.336,0.502,13.2,16.6,0.793,8.8,32.7,10.8,5.7,3.3,14.6,18.4,70.5,-7.38,-3.38,65.7
2023,Missouri Valley,10,Valparaiso,32,2,12,0.344,,98.1,104.7,-6.6,25.4,57.9,0.44,6.2,20.9,0.296,0.493,11.9,16.3,0.728,7.8,34.0,13.6,5.8,2.6,12.7,16.6,73.6,-8.72,-2.75,68.7
2023,Missouri Valley,11,UIC,32,3,11,0.375,,96.2,102.6,-6.4,23.3,56.1,0.416,8.0,24.2,0.329,0.487,12.5,19.1,0.655,8.4,32.4,13.2,6.4,4.7,12.8,17.5,71.6,-8.83,-3.12,69.2
2023,Missouri Valley,12,Evansville,32,1,14,0.156,,89.4,108.9,-19.5,22.8,57.5,0.396,6.2,19.3,0.322,0.451,10.6,16.9,0.63,7.9,31.4,10.3,7.0,1.9,12.3,16.3,76.0,-15.14,-1.54,69.8
2024,Missouri Valley,1,Indiana State,39,9,4,0.821,,118.4,102.1,16.3,29.3,57.9,0.505,10.9,28.7,0.382,0.6,15.4,19.3,0.796,7.2,35.5,17.9,6.1,1.8,11.6,16.4,73.2,13.44,2.26,71.4
2024,Missouri Valley,2,Drake,35,6,5,0.8,,113.9,100.3,13.6,28.3,59.4,0.477,8.6,23.4,0.366,0.549,14.7,19.5,0.753,7.9,34.3,16.0,6.5,1.6,9.6,16.3,70.4,11.08,1.84,68.4
2024,Missouri Valley,3,Bradley,35,6,7,0.657,,109.5,99.2,10.3,26.9,57.1,0.472,8.7,23.9,0.366,0.548,11.4,15.7,0.727,9.3,34.7,13.2,7.1,4.1,12.1,16.5,67.1,9.48,2.96,66.9
2024,Missouri Valley,4,Belmont,33,6,9,0.606,,107.7,104.5,3.2,27.9,58.8,0.476,9.1,24.6,0.371,0.553,12.9,17.8,0.723,7.2,34.2,15.3,7.5,3.1,12.2,15.5,75.5,2.79,1.44,72.0
2024,Missouri Valley,5,Northern Iowa,33,6,8,0.576,,107.3,104.2,3.2,25.5,56.0,0.456,7.2,20.9,0.345,0.52,14.9,21.1,0.707,8.0,33.8,12.5,6.2,2.6,10.3,16.6,71.1,3.83,2.86,67.7
2024,Missouri Valley,6,Southern Illinois,32,5,6,0.594,,109.3,102.6,6.7,24.7,54.6,0.453,8.3,23.8,0.347,0.529,15.0,19.7,0.762,8.4,33.0,14.3,5.5,3.1,11.1,18.1,68.2,4.1,0.52,65.4
2024,Missouri Valley,7,Illinois State,32,4,8,0.469,,101.9,103.7,-1.8,23.2,54.8,0.424,6.1,20.8,0.292,0.479,14.0,19.7,0.711,10.1,34.8,12.5,5.6,2.3,11.3,15.7,67.7,-1.38,0.43,65.3
2024,Missouri Valley,8,Murray State,32,4,9,0.375,,106.1,106.3,-0.2,25.7,57.5,0.446,6.5,20.3,0.321,0.503,11.9,17.1,0.697,9.3,32.8,11.5,6.0,2.8,9.5,15.3,69.9,0.36,1.59,65.5
2024,Missouri Valley,9,Missouri State,33,4,10,0.515,,102.6,102.7,0.0,25.7,58.5,0.439,6.8,21.5,0.314,0.497,13.1,18.4,0.711,10.2,39.1,12.1,4.3,4.5,12.0,15.3,71.3,0.98,1.01,68.4
2024,Missouri Valley,10,Evansville,35,4,11,0.486,,101.1,104.4,-3.3,26.1,58.4,0.448,6.8,20.1,0.336,0.506,11.8,16.5,0.718,7.7,33.7,12.9,6.5,3.1,11.6,15.3,73.2,-3.69,0.75,69.6
2024,Missouri Valley,11,UIC,33,3,10,0.364,,100.4,102.3,-1.8,25.6,58.4,0.438,8.7,23.9,0.363,0.512,10.4,15.2,0.688,8.2,33.6,13.9,6.2,5.3,12.4,17.7,71.5,-1.61,1.3,68.7
2024,Missouri Valley,12,Valparaiso,32,1,13,0.219,,97.6,109.0,-11.4,24.9,61.3,0.406,7.3,22.5,0.325,0.466,10.5,14.7,0.715,10.0,33.3,12.0,6.2,3.5,11.0,16.3,75.5,-8.25,1.17,69.3
2025,Missouri Valley,1,Drake,35,10,1,0.886,,114.0,96.2,17.8,24.2,50.3,0.481,6.6,18.4,0.36,0.547,14.9,21.3,0.699,10.1,30.8,13.5,8.9,2.4,11.1,15.8,58.9,9.6,1.27,60.2
2025,Missouri Valley,2,Bradley,37,9,3,0.757,,113.3,101.8,11.6,26.8,55.6,0.483,9.5,24.0,0.398,0.569,13.1,17.5,0.747,8.2,34.4,14.4,6.5,3.9,11.5,16.7,68.5,6.4,0.24,66.4
2025,Missouri Valley,3,Northern Iowa,33,5,6,0.606,,111.1,102.2,9.0,26.4,54.3,0.487,7.2,19.5,0.366,0.552,13.3,19.1,0.695,8.0,33.0,13.9,5.9,3.0,10.5,14.7,67.4,5.24,0.46,65.7
2025,Missouri Valley,4,Belmont,33,9,4,0.667,,112.2,108.4,3.8,28.6,61.6,0.465,10.5,27.4,0.383,0.55,11.5,16.1,0.719,9.6,34.6,17.2,6.9,3.2,11.2,15.6,76.6,1.94,-0.12,70.4
2025,Missouri Valley,5,UIC,31,7,6,0.548,,108.2,105.0,3.3,26.8,58.9,0.455,8.1,23.1,0.349,0.523,14.4,20.0,0.719,10.6,36.1,15.4,6.8,3.1,12.1,17.7,73.7,-0.63,0.58,69.1
2025,Missouri Valley,6,Illinois State,36,5,7,0.611,,114.2,108.2,5.9,26.6,55.1,0.482,9.8,26.0,0.376,0.57,12.9,17.2,0.749,7.7,32.3,14.4,5.6,1.8,10.5,16.7,71.8,1.91,-0.57,66.1
2025,Missouri Valley,7,Murray State,33,6,8,0.485,,106.7,102.7,4.0,23.9,55.2,0.433,7.6,22.1,0.344,0.502,16.4,22.8,0.722,10.0,34.0,11.9,6.7,3.0,11.4,17.4,69.2,0.81,0.4,65.8
2025,Missouri Valley,8,Evansville,32,4,11,0.344,,98.4,105.4,-7.0,23.8,55.0,0.433,6.8,22.5,0.303,0.495,11.7,16.7,0.697,7.7,32.9,12.6,6.0,4.4,11.8,16.5,70.7,-6.02,0.34,67.1
2025,Missouri Valley,9,Indiana State,32,4,9,0.438,,109.4,108.6,0.8,27.4,58.9,0.465,10.1,29.1,0.347,0.551,15.2,20.3,0.749,9.2,35.6,15.7,6.8,2.2,14.0,18.3,79.5,-3.15,-0.65,72.4
2025,Missouri Valley,10,Southern Illinois,33,5,7,0.424,,105.7,108.1,-2.3,26.5,57.5,0.461,6.7,19.2,0.351,0.52,13.1,19.4,0.676,10.2,35.5,14.2,6.3,3.0,12.5,16.9,74.5,-2.22,1.07,68.4
2025,Missouri Valley,11,Valparaiso,34,3,10,0.441,,107.8,106.7,1.1,25.7,60.1,0.427,7.7,23.0,0.336,0.491,15.6,19.7,0.79,10.0,34.5,12.0,5.9,3.7,9.7,16.4,73.9,-2.9,-0.12,68.5
2025,Missouri Valley,12,Missouri State,32,1,12,0.281,,102.4,106.8,-4.4,24.3,54.2,0.447,7.1,20.0,0.357,0.513,12.3,18.8,0.656,10.4,32.7,12.2,7.4,2.6,13.7,18.1,70.9,-3.94,0.52,64.6
2015,Atlantic 10,1,Davidson,32,9,4,0.75,,117.1,102.9,14.3,28.1,60.1,0.467,10.7,27.4,0.391,0.556,12.2,17.3,0.705,10.5,35.8,17.1,5.3,2.9,9.5,18.8,69.4,11.97,3.19,67.2
2015,Atlantic 10,2,Dayton,36,5,6,0.75,,105.1,94.4,10.7,22.5,48.8,0.462,6.6,18.6,0.357,0.53,16.1,23.5,0.686,7.1,31.1,13.6,6.9,2.5,11.5,15.9,60.8,10.98,4.06,64.2
2015,Atlantic 10,3,Rhode Island,33,7,5,0.697,,101.3,90.1,11.2,23.5,52.5,0.449,4.4,14.6,0.303,0.491,16.1,24.6,0.655,11.0,35.8,13.0,6.5,5.6,13.7,21.0,60.2,9.31,2.87,66.5
2015,Atlantic 10,4,Richmond,35,4,9,0.6,,104.5,96.8,7.7,23.8,52.0,0.458,6.6,19.4,0.34,0.521,11.8,17.1,0.69,6.9,29.3,13.4,6.9,3.3,9.9,17.0,61.2,8.65,3.77,61.9
2015,Atlantic 10,5,VCU,36,8,4,0.722,,106.5,96.7,9.8,24.9,59.4,0.419,8.1,23.7,0.343,0.487,14.6,22.1,0.657,12.3,35.5,12.7,9.5,4.3,10.6,19.2,65.8,12.79,6.1,66.4
2015,Atlantic 10,6,George Washington,35,5,10,0.629,,105.0,96.7,8.3,23.6,53.9,0.438,5.5,15.6,0.352,0.489,14.5,21.5,0.674,12.1,36.5,11.7,5.6,3.9,12.0,16.0,62.0,8.07,2.79,63.4
2015,Atlantic 10,7,UMass,32,5,8,0.531,,100.7,102.3,-1.6,24.1,55.8,0.432,4.5,15.3,0.295,0.473,16.6,23.6,0.704,12.0,36.8,13.4,6.8,4.2,14.1,18.5,70.5,3.59,4.69,68.3
2015,Atlantic 10,8,St. Bonaventure,31,7,6,0.581,,102.5,98.6,3.9,23.6,55.6,0.425,5.1,16.2,0.314,0.471,14.9,21.1,0.706,12.4,37.2,12.4,6.6,4.8,12.4,17.3,64.7,3.93,1.34,65.1
2015,Atlantic 10,9,La Salle,33,6,7,0.515,,96.8,95.3,1.4,22.4,53.2,0.42,5.0,15.7,0.321,0.467,13.5,19.4,0.694,10.1,34.1,12.1,6.4,3.6,13.0,17.6,62.3,4.85,3.91,64.3
2015,Atlantic 10,10,St. Joseph's,31,3,11,0.419,,94.8,99.1,-4.3,22.2,55.0,0.404,5.4,18.0,0.299,0.453,11.9,19.4,0.615,11.4,35.5,12.7,6.6,4.4,12.5,16.9,64.5,-0.23,2.58,64.1
2015,Atlantic 10,11,Duquesne,31,2,10,0.387,,105.9,110.2,-4.3,25.9,57.7,0.449,7.9,21.4,0.37,0.518,11.7,18.6,0.627,11.4,36.3,15.0,5.1,3.4,12.3,18.0,74.3,-2.93,1.41,67.2
2015,Atlantic 10,12,Fordham,31,1,11,0.323,,97.6,103.9,-6.2,22.9,55.3,0.415,6.0,19.8,0.305,0.47,13.1,18.0,0.726,12.0,36.0,12.6,6.7,3.8,14.6,18.8,69.2,-2.15,2.72,66.3
2015,Atlantic 10,13,George Mason,31,2,9,0.29,,97.7,105.1,-7.4,22.8,53.6,0.426,4.2,13.1,0.32,0.465,14.5,21.8,0.666,12.6,35.9,10.2,6.0,3.9,14.4,20.6,69.3,-1.43,4.6,65.1
2015,Atlantic 10,14,Saint Louis,32,1,10,0.344,,93.0,103.3,-10.2,20.4,49.6,0.411,5.4,16.5,0.326,0.465,13.6,20.8,0.655,9.1,30.6,12.2,5.3,2.3,13.8,19.7,66.3,-5.38,2.43,63.7
2016,Atlantic 10,1,Dayton,33,8,2,0.758,,104.5,95.0,9.5,25.3,55.6,0.455,6.7,19.5,0.344,0.516,15.2,22.7,0.668,9.9,38.3,14.5,5.9,4.4,12.9,19.0,65.9,11.34,4.76,68.6
2016,Atlantic 10,2,St. Bonaventure,31,8,5,0.71,,111.5,104.8,6.7,26.2,58.9,0.445,8.3,22.2,0.373,0.515,17.1,22.1,0.773,11.1,35.5,13.5,5.9,4.3,11.5,19.4,73.0,6.55,1.87,69.1
2016,Atlantic 10,3,VCU,36,7,4,0.694,,110.0,96.5,13.5,28.1,62.2,0.451,7.3,20.7,0.352,0.51,13.9,20.0,0.692,12.4,37.4,14.3,8.6,3.8,11.3,19.6,67.8,13.83,4.35,69.8
2016,Atlantic 10,4,St. Joseph's,36,10,2,0.778,,109.7,99.5,10.2,27.1,59.8,0.453,7.0,21.3,0.327,0.512,16.0,22.4,0.716,10.1,38.3,14.8,5.1,3.3,9.9,16.2,70.1,12.1,4.93,70.1
2016,Atlantic 10,5,George Washington,38,8,5,0.737,,111.4,100.8,10.6,25.8,57.7,0.447,7.1,19.1,0.371,0.508,17.0,22.6,0.753,11.9,37.9,14.1,6.1,3.3,11.2,16.3,68.5,11.43,4.24,67.5
2016,Atlantic 10,6,Davidson,33,3,10,0.606,,110.6,109.2,1.4,27.1,61.3,0.442,9.6,27.0,0.355,0.521,15.2,20.0,0.761,9.5,35.0,15.1,4.7,3.1,10.2,17.2,78.1,5.74,5.14,71.2
2016,Atlantic 10,7,Rhode Island,32,3,9,0.531,,105.4,98.4,7.0,24.4,55.1,0.444,6.7,18.3,0.365,0.504,13.8,20.7,0.669,10.5,34.9,12.2,5.3,5.0,11.5,18.9,64.8,7.92,3.29,65.1
2016,Atlantic 10,8,Fordham,31,3,7,0.548,,102.9,99.2,3.6,25.2,56.3,0.448,7.8,22.6,0.346,0.518,12.9,18.9,0.681,10.3,34.2,15.7,8.5,3.9,14.1,19.7,68.6,1.87,-0.09,68.3
2016,Atlantic 10,9,Richmond,32,5,7,0.5,,110.0,106.1,3.9,27.8,57.8,0.482,7.5,21.1,0.356,0.547,13.4,20.4,0.66,7.8,31.9,16.6,6.6,2.3,10.2,19.1,73.8,7.28,4.56,68.8
2016,Atlantic 10,10,Duquesne,34,4,8,0.5,,107.2,106.2,1.1,27.9,60.5,0.462,9.5,26.0,0.365,0.54,14.2,20.5,0.691,10.2,39.2,15.6,4.7,3.8,13.9,20.3,78.7,1.41,1.35,73.6
2016,Atlantic 10,11,UMass,32,3,9,0.438,,100.9,104.1,-3.2,25.5,59.5,0.429,7.3,22.2,0.33,0.491,15.2,21.7,0.699,9.6,35.7,13.8,6.5,3.5,12.8,20.9,75.8,0.64,2.96,71.8
2016,Atlantic 10,12,George Mason,32,2,11,0.344,,98.1,106.0,-7.9,23.9,59.0,0.406,5.4,18.4,0.292,0.451,13.6,20.3,0.671,13.1,42.5,10.3,2.9,3.7,12.7,17.8,72.3,-1.79,3.62,67.7
2016,Atlantic 10,13,Saint Louis,32,3,8,0.344,,94.1,103.0,-8.9,22.6,53.9,0.419,6.2,19.0,0.328,0.477,14.3,20.4,0.703,7.2,32.7,13.3,5.5,2.1,13.6,20.2,72.0,-2.73,3.49,69.4
2016,Atlantic 10,14,La Salle,31,1,12,0.29,,95.4,109.4,-14.0,22.3,55.1,0.404,8.4,24.6,0.34,0.48,11.2,16.8,0.669,8.8,30.9,12.5,7.0,3.0,12.8,17.4,73.5,-6.09,4.65,67.2
2017,Atlantic 10,1,Dayton,32,7,3,0.75,,108.9,95.4,13.5,25.6,55.1,0.465,8.1,21.0,0.385,0.538,16.6,24.0,0.69,8.7,34.3,15.6,7.8,4.0,11.8,18.8,66.4,12.98,4.27,69.4
2017,Atlantic 10,2,VCU,35,7,4,0.743,,106.8,95.6,11.1,27.0,58.6,0.461,5.7,17.2,0.331,0.51,15.1,21.3,0.705,11.0,36.4,15.0,7.5,3.9,12.4,20.8,66.9,11.57,3.77,69.0
2017,Atlantic 10,3,Rhode Island,35,7,5,0.714,,108.8,96.6,12.2,26.2,57.7,0.454,6.2,18.7,0.332,0.507,15.1,22.6,0.668,11.7,37.2,13.3,6.5,5.9,11.1,20.7,65.4,12.88,4.62,67.4
2017,Atlantic 10,4,Richmond,35,8,6,0.629,,105.6,102.5,3.1,26.8,56.9,0.471,7.7,22.7,0.342,0.539,12.8,18.0,0.713,6.7,30.8,16.9,6.6,1.9,11.4,18.1,72.0,5.45,3.28,69.7
2017,Atlantic 10,5,St. Bonaventure,32,5,5,0.625,,108.1,101.8,6.3,25.8,58.3,0.443,6.3,18.0,0.348,0.497,19.0,24.7,0.769,11.5,36.0,13.2,7.2,4.3,12.5,20.9,72.4,5.95,1.48,70.6
2017,Atlantic 10,6,George Washington,35,5,8,0.571,,104.3,103.9,0.4,23.5,55.4,0.424,7.9,21.2,0.371,0.495,15.1,20.3,0.745,11.3,36.5,13.3,5.5,3.9,12.9,15.5,69.7,2.37,2.11,67.0
2017,Atlantic 10,7,George Mason,34,7,5,0.588,,105.2,101.8,3.4,25.9,57.7,0.448,5.4,15.9,0.336,0.494,17.0,22.8,0.747,11.2,40.3,11.7,5.0,2.8,12.9,16.8,71.7,3.01,1.28,69.2
2017,Atlantic 10,8,La Salle,30,4,8,0.5,,107.5,108.9,-1.5,25.4,55.5,0.457,8.5,23.3,0.364,0.533,16.3,21.3,0.766,8.3,32.4,14.2,6.4,2.1,13.1,18.6,76.6,1.91,2.94,69.1
2017,Atlantic 10,9,Davidson,32,5,7,0.531,,105.5,102.3,3.1,25.4,58.2,0.437,9.1,26.8,0.341,0.516,13.8,18.3,0.753,8.9,35.9,15.6,5.1,3.3,12.2,18.2,71.6,6.45,4.26,69.5
2017,Atlantic 10,10,Fordham,32,5,8,0.406,,96.3,99.9,-3.5,23.2,55.7,0.416,8.3,24.7,0.334,0.49,10.8,14.8,0.726,8.2,28.5,13.4,9.8,2.8,13.1,19.1,67.7,-1.97,1.36,66.8
2017,Atlantic 10,11,Saint Louis,33,1,10,0.364,,93.1,105.1,-12.0,21.2,52.5,0.404,7.0,20.4,0.342,0.47,12.0,18.1,0.663,8.5,33.1,12.8,5.0,2.9,13.4,19.4,69.3,-6.09,1.85,65.5
2017,Atlantic 10,12,UMass,33,3,10,0.455,,98.5,98.5,0.0,25.7,58.8,0.437,7.1,23.9,0.297,0.497,13.4,20.3,0.66,10.1,35.9,16.0,7.6,5.1,14.8,21.9,71.9,1.63,1.66,73.0
2017,Atlantic 10,13,St. Joseph's,31,4,9,0.355,,99.0,104.0,-5.1,24.4,58.3,0.418,5.6,17.3,0.324,0.466,15.2,23.4,0.65,11.3,36.5,11.4,4.8,3.4,12.0,17.6,73.1,0.14,3.69,69.7
2017,Atlantic 10,14,Duquesne,32,1,10,0.313,,99.3,104.6,-5.3,24.5,57.3,0.428,7.1,21.2,0.334,0.489,14.4,21.3,0.676,10.7,36.5,12.5,4.9,4.0,14.2,18.5,74.3,-3.06,0.69,71.0
2018,Atlantic 10,1,Rhode Island,34,7,4,0.765,,109.0,98.7,10.3,28.1,61.6,0.455,6.9,19.7,0.352,0.511,12.9,18.5,0.697,11.4,34.4,15.3,7.3,3.5,10.6,19.0,68.8,11.81,4.61,69.2
2018,Atlantic 10,2,St. Bonaventure,34,9,4,0.765,,109.5,100.6,8.9,26.0,57.6,0.451,7.5,19.4,0.386,0.516,17.6,23.4,0.752,10.1,35.5,13.9,7.0,3.5,11.5,19.8,70.8,8.87,2.61,69.4
2018,Atlantic 10,3,Davidson,33,6,8,0.636,,115.7,102.9,12.8,27.2,56.8,0.48,10.7,27.5,0.389,0.574,11.2,14.0,0.798,6.9,32.7,16.7,4.7,2.0,9.5,15.2,67.9,11.02,2.57,65.3
2018,Atlantic 10,4,St. Joseph's,32,4,9,0.5,,103.2,100.6,2.6,25.8,61.0,0.423,8.0,23.7,0.337,0.488,14.5,21.1,0.687,9.0,37.5,14.0,6.3,2.8,10.0,15.5,72.2,3.78,1.9,71.2
2018,Atlantic 10,5,George Mason,33,5,7,0.485,,101.4,106.7,-5.4,25.5,59.1,0.432,7.0,21.4,0.326,0.491,13.9,18.8,0.742,10.0,36.8,11.5,6.1,2.9,12.9,16.4,75.7,-2.97,0.85,69.6
2018,Atlantic 10,6,Richmond,32,4,8,0.375,,103.9,109.4,-5.5,26.3,57.2,0.461,6.9,20.8,0.334,0.521,12.2,17.0,0.715,7.8,30.4,15.2,7.6,2.4,11.7,16.2,75.6,-0.17,3.61,68.3
2018,Atlantic 10,7,Saint Louis,33,3,7,0.515,,101.2,100.6,0.6,22.2,52.5,0.422,5.6,17.4,0.323,0.475,15.8,24.3,0.652,11.8,36.0,11.9,6.0,4.4,12.7,18.1,65.4,2.58,2.92,64.7
2018,Atlantic 10,8,VCU,33,5,5,0.545,,105.3,103.7,1.6,27.9,61.0,0.458,8.3,23.6,0.352,0.526,11.8,17.2,0.691,10.4,36.5,15.5,6.4,2.8,13.5,17.0,74.8,3.55,2.43,71.4
2018,Atlantic 10,9,Dayton,31,1,10,0.452,,106.4,107.9,-1.6,25.9,53.9,0.481,8.0,23.7,0.337,0.555,12.5,17.1,0.731,7.7,31.2,15.7,5.2,2.5,13.7,16.5,73.5,1.64,2.71,67.0
2018,Atlantic 10,10,Duquesne,32,2,7,0.5,,106.4,103.1,3.3,25.0,58.6,0.427,8.2,23.3,0.35,0.497,14.2,20.7,0.685,12.1,35.9,11.9,5.8,4.4,12.0,18.7,70.2,-1.08,-3.33,66.5
2018,Atlantic 10,11,George Washington,33,1,10,0.455,,101.8,106.1,-4.3,25.2,56.4,0.447,5.5,17.0,0.321,0.495,11.5,16.3,0.709,10.6,33.9,13.3,5.7,4.9,12.7,14.7,70.3,-0.72,2.13,66.3
2018,Atlantic 10,12,La Salle,32,2,10,0.406,,102.8,104.0,-1.2,25.5,59.5,0.429,7.3,22.2,0.33,0.49,14.5,18.5,0.787,9.2,35.1,12.8,5.9,2.8,11.7,17.1,73.8,1.7,2.54,69.0
2018,Atlantic 10,13,UMass,33,1,11,0.394,,104.5,108.5,-4.0,26.1,58.1,0.449,8.9,22.2,0.4,0.525,10.9,14.6,0.746,9.1,32.8,15.3,4.8,3.0,12.8,18.0,74.7,-1.65,1.1,67.3
2018,Atlantic 10,14,Fordham,31,1,10,0.29,,92.5,104.3,-11.9,22.3,54.2,0.412,7.3,25.4,0.288,0.479,10.3,14.6,0.708,6.4,28.5,13.5,9.1,2.4,12.5,15.8,70.3,-6.74,1.26,66.8
2019,Atlantic 10,1,VCU,33,8,4,0.758,,102.1,89.1,13.1,24.8,56.7,0.438,7.1,23.4,0.305,0.501,14.2,20.3,0.701,10.8,36.6,13.6,8.0,4.5,13.9,19.7,61.9,11.96,2.87,69.0
2019,Atlantic 10,2,Davidson,34,7,5,0.706,,106.8,98.9,8.0,25.1,55.7,0.45,9.2,25.9,0.354,0.532,11.6,15.4,0.749,7.8,34.9,14.7,5.1,2.4,11.1,15.9,65.6,6.38,1.96,66.1
2019,Atlantic 10,3,Dayton,33,7,4,0.636,,108.9,98.8,10.1,27.3,54.2,0.504,6.2,18.7,0.332,0.561,12.0,17.4,0.69,7.9,34.7,16.4,5.0,2.5,12.5,14.0,66.2,9.67,2.91,66.2
2019,Atlantic 10,4,St. Bonaventure,34,6,7,0.529,,99.8,95.1,4.7,24.1,56.3,0.429,6.1,18.7,0.328,0.483,11.8,15.9,0.742,9.8,34.8,12.3,5.9,4.8,12.4,16.3,63.1,3.34,0.25,65.1
2019,Atlantic 10,5,George Mason,33,6,6,0.545,,102.1,101.0,1.1,25.0,56.2,0.445,6.4,19.3,0.33,0.501,13.8,19.2,0.716,9.8,35.3,12.1,6.2,2.9,13.0,17.1,69.4,0.84,0.08,68.1
2019,Atlantic 10,6,Duquesne,32,4,6,0.594,,103.1,101.4,1.6,25.3,59.2,0.428,8.5,26.3,0.322,0.499,14.4,20.7,0.694,11.8,35.4,13.8,7.8,4.7,14.1,18.1,72.3,0.53,-0.63,70.5
2019,Atlantic 10,7,Saint Louis,36,4,8,0.639,,99.4,95.2,4.2,23.8,57.0,0.417,5.7,18.8,0.304,0.467,13.4,22.5,0.598,13.7,39.7,12.8,7.1,4.0,12.9,17.6,63.8,5.06,2.23,67.0
2019,Atlantic 10,8,Rhode Island,33,5,7,0.545,,100.8,98.4,2.4,24.9,58.0,0.429,5.2,18.6,0.28,0.474,14.5,21.3,0.68,11.4,36.2,12.2,7.1,3.9,12.3,17.6,67.8,2.83,1.19,68.2
2019,Atlantic 10,9,La Salle,31,3,8,0.323,,97.0,104.1,-7.1,23.2,58.0,0.4,8.4,25.3,0.331,0.472,12.7,16.5,0.77,10.6,34.2,12.6,7.4,3.2,14.0,20.3,72.4,-3.61,1.29,69.5
2019,Atlantic 10,10,Richmond,33,4,7,0.394,,105.3,106.1,-0.9,25.7,54.5,0.472,7.6,21.9,0.347,0.541,11.1,16.7,0.661,5.9,29.0,15.7,7.5,3.1,10.2,14.8,70.7,-1.37,-0.79,66.6
2019,Atlantic 10,11,St. Joseph's,33,2,11,0.424,,102.2,105.2,-3.0,24.0,58.9,0.408,8.5,26.3,0.322,0.48,14.0,18.6,0.751,7.8,34.7,12.0,5.6,3.3,9.2,15.1,72.6,-0.43,1.66,68.8
2019,Atlantic 10,12,George Washington,33,2,10,0.273,,92.8,104.2,-11.5,22.6,55.8,0.404,5.9,19.1,0.311,0.458,12.5,18.2,0.685,8.3,33.8,11.4,5.2,2.9,12.5,15.9,71.4,-6.65,1.2,67.5
2019,Atlantic 10,13,UMass,32,1,11,0.344,,102.6,106.7,-4.1,25.3,57.2,0.441,8.0,22.9,0.35,0.511,12.2,17.9,0.681,10.7,35.1,14.6,4.8,2.9,13.9,20.1,73.6,-3.02,-0.18,68.4
2019,Atlantic 10,14,Fordham,32,3,8,0.375,,98.1,99.6,-1.5,23.7,59.1,0.402,8.6,26.0,0.332,0.475,9.8,14.4,0.68,9.5,33.8,11.3,5.9,3.4,10.8,17.5,66.9,-5.02,-2.4,66.4
2021,Atlantic 10,1,St. Bonaventure,21,4,3,0.762,,107.3,93.6,13.7,25.8,58.3,0.443,6.4,18.6,0.344,0.498,12.0,16.3,0.738,11.3,36.9,14.6,5.9,4.0,10.7,15.3,61.1,13.44,4.49,65.3
2021,Atlantic 10,2,VCU,26,5,3,0.731,,101.2,92.0,9.2,25.3,56.2,0.451,6.5,19.6,0.329,0.509,14.5,19.1,0.761,9.2,34.2,13.3,9.2,5.4,14.6,18.7,65.2,11.3,4.76,67.9
2021,Atlantic 10,3,Dayton,24,4,6,0.583,,102.7,99.8,2.9,24.7,51.6,0.478,8.0,21.5,0.372,0.555,12.4,17.4,0.713,6.7,33.0,13.5,4.5,2.0,14.4,15.4,67.8,6.31,4.35,66.2
2021,Atlantic 10,4,George Mason,22,3,4,0.591,,100.2,98.2,2.0,26.3,61.2,0.429,7.3,22.1,0.329,0.488,11.5,17.9,0.642,11.5,37.9,13.0,7.2,4.3,12.8,16.0,69.9,1.91,0.48,69.2
2021,Atlantic 10,5,Davidson,22,4,2,0.591,,112.3,100.3,11.9,26.0,55.2,0.472,9.8,27.0,0.364,0.561,9.9,14.4,0.687,9.0,34.5,15.1,5.1,2.6,10.7,14.9,64.1,9.02,3.4,63.6
2021,Atlantic 10,6,Duquesne,18,2,5,0.5,,97.9,98.2,-0.2,24.3,57.8,0.421,6.4,21.4,0.299,0.476,11.9,18.3,0.65,11.4,36.3,13.4,6.7,4.4,13.3,17.2,67.1,2.32,2.49,68.4
2021,Atlantic 10,7,Rhode Island,25,2,9,0.4,,99.6,99.1,0.5,25.4,57.4,0.442,5.7,18.3,0.312,0.492,14.9,22.3,0.668,10.6,38.5,12.1,6.6,4.6,14.1,17.8,71.1,5.29,4.93,70.3
2021,Atlantic 10,8,La Salle,25,3,11,0.36,,97.2,104.9,-7.8,25.3,58.1,0.436,7.8,22.9,0.34,0.503,9.6,14.1,0.685,9.4,33.2,12.7,7.4,3.3,14.4,17.2,73.5,-3.57,2.85,69.7
2021,Atlantic 10,9,UMass,15,3,3,0.533,,103.5,98.5,5.0,26.3,61.3,0.428,8.8,27.0,0.326,0.5,15.4,21.0,0.733,9.1,34.5,14.9,7.3,4.1,12.1,17.4,73.0,4.77,1.03,72.3
2021,Atlantic 10,10,Richmond,23,5,3,0.609,,107.3,99.2,8.1,27.1,57.4,0.472,7.5,21.0,0.357,0.538,12.9,17.7,0.727,6.7,30.1,14.2,8.9,2.1,10.5,15.5,69.0,9.04,5.0,69.6
2021,Atlantic 10,11,Saint Louis,21,1,4,0.667,,109.2,95.3,13.9,27.9,60.4,0.462,6.5,18.8,0.348,0.516,12.7,18.0,0.704,12.3,38.4,17.6,7.4,3.3,12.1,17.0,65.4,11.76,2.19,68.7
2021,Atlantic 10,12,George Washington,17,1,5,0.294,,98.1,104.2,-6.0,24.2,54.6,0.443,6.0,18.5,0.324,0.498,13.8,19.7,0.699,8.0,34.2,11.4,6.3,2.7,13.7,14.5,72.3,-5.75,-1.57,68.9
2021,Atlantic 10,13,St. Joseph's,20,1,9,0.25,,95.8,109.7,-13.9,25.3,61.9,0.409,9.6,30.5,0.314,0.486,12.0,16.6,0.725,8.3,33.8,14.4,6.0,1.8,14.1,17.9,82.6,-4.56,5.89,73.0
2021,Atlantic 10,14,Fordham,14,0,6,0.143,,80.6,103.7,-23.0,18.4,51.1,0.359,5.6,21.0,0.269,0.414,9.4,14.1,0.67,6.8,29.6,10.9,6.2,2.0,13.4,15.8,66.6,-11.69,3.09,64.2
2022,Atlantic 10,1,Davidson,34,9,3,0.794,,113.8,99.5,14.3,26.7,55.5,0.481,8.9,22.9,0.387,0.561,13.2,17.6,0.754,7.4,34.1,14.6,4.6,2.6,9.8,14.8,66.0,10.43,1.92,66.1
2022,Atlantic 10,2,Dayton,35,7,6,0.686,,107.1,94.7,12.4,25.7,53.8,0.478,6.5,18.1,0.361,0.539,11.2,16.4,0.683,9.2,35.2,14.4,5.5,3.9,12.4,13.9,61.2,10.41,2.41,64.4
2022,Atlantic 10,3,VCU,32,9,3,0.688,,97.4,90.6,6.8,24.8,53.8,0.461,5.7,16.3,0.347,0.514,11.7,16.7,0.704,8.4,32.5,13.9,9.2,5.1,15.1,18.7,62.4,9.83,5.17,68.6
2022,Atlantic 10,4,Saint Louis,35,5,6,0.657,,109.2,97.3,11.9,27.4,59.7,0.458,6.7,18.3,0.369,0.515,14.7,19.3,0.763,11.9,38.6,14.8,6.4,3.1,12.9,17.9,67.9,9.83,3.45,69.0
2022,Atlantic 10,5,St. Bonaventure,33,7,4,0.697,,105.2,100.0,5.2,26.3,58.1,0.453,6.1,18.3,0.331,0.505,11.3,15.1,0.751,9.0,33.6,13.7,6.3,4.8,10.3,13.3,66.5,8.27,4.79,66.2
2022,Atlantic 10,6,Richmond,37,7,5,0.649,,104.8,100.9,3.8,25.2,57.1,0.442,7.8,23.8,0.329,0.511,12.7,17.7,0.718,7.6,32.3,14.5,7.6,2.4,9.8,13.9,68.4,7.07,4.48,67.4
2022,Atlantic 10,7,Fordham,32,3,9,0.5,,94.8,95.8,-1.0,23.0,58.4,0.394,7.4,25.0,0.297,0.457,12.6,17.4,0.727,10.2,36.8,11.8,7.3,3.7,13.2,17.7,66.8,-0.89,-0.2,68.6
2022,Atlantic 10,8,George Washington,30,3,10,0.4,,96.9,103.3,-6.3,25.3,59.0,0.428,7.1,21.1,0.338,0.489,10.7,15.3,0.698,8.3,33.3,12.3,6.9,4.2,12.6,17.1,72.8,-4.07,0.4,69.7
2022,Atlantic 10,9,George Mason,30,4,8,0.467,,104.0,100.7,3.2,25.0,56.2,0.446,9.3,26.1,0.358,0.529,11.3,16.3,0.694,8.3,34.7,14.1,5.1,3.2,12.2,16.0,68.5,4.18,1.98,66.6
2022,Atlantic 10,10,UMass,32,3,8,0.469,,108.1,111.5,-3.4,25.7,59.4,0.433,9.5,25.6,0.371,0.513,14.8,19.5,0.758,10.5,33.7,13.7,6.5,2.6,11.6,17.1,78.1,-0.67,1.7,69.2
2022,Atlantic 10,11,La Salle,30,2,10,0.367,,97.4,103.3,-5.8,24.8,59.9,0.414,7.6,23.9,0.319,0.477,10.3,15.0,0.687,10.8,36.5,13.4,5.9,4.3,13.1,17.2,71.5,-3.5,0.54,68.4
2022,Atlantic 10,12,Rhode Island,31,3,9,0.484,,98.5,95.3,3.1,24.8,54.4,0.456,5.4,15.9,0.337,0.505,12.2,19.6,0.62,9.6,36.3,13.5,7.4,6.0,14.3,17.2,65.0,2.92,1.22,68.2
2022,Atlantic 10,13,St. Joseph's,30,1,10,0.367,,97.9,100.0,-2.1,24.9,59.1,0.421,8.9,26.6,0.336,0.497,8.9,13.6,0.654,9.7,37.6,13.5,4.9,2.5,13.5,16.1,69.1,1.0,2.46,68.5
2022,Atlantic 10,14,Duquesne,30,1,10,0.2,,95.9,108.0,-12.1,24.7,61.4,0.403,6.2,20.5,0.305,0.454,9.5,13.4,0.707,11.4,34.1,10.0,6.6,4.4,11.5,13.9,73.4,-6.34,1.86,66.9
2023,Atlantic 10,1,VCU,35,8,3,0.771,,103.8,92.2,11.6,24.7,53.3,0.463,6.1,17.4,0.348,0.52,15.4,22.2,0.696,9.3,33.2,13.0,8.9,4.6,13.4,16.4,62.9,9.89,1.95,68.3
2023,Atlantic 10,2,Dayton,34,5,6,0.647,,107.2,95.3,11.9,24.5,52.5,0.467,6.6,19.6,0.338,0.53,13.0,18.6,0.699,9.4,36.1,15.2,4.8,4.4,12.1,13.8,61.0,8.71,1.09,63.6
2023,Atlantic 10,3,Fordham,33,6,5,0.758,,102.1,95.9,6.2,24.2,57.6,0.419,7.6,24.0,0.318,0.486,16.1,21.7,0.741,10.8,36.9,12.7,7.2,4.8,13.5,19.6,67.6,2.26,-2.14,70.0
2023,Atlantic 10,4,Saint Louis,33,4,7,0.636,,108.1,101.8,6.3,27.9,59.7,0.468,7.0,19.5,0.357,0.526,12.8,17.5,0.731,10.2,38.0,16.5,5.0,4.0,12.1,16.9,71.2,6.04,2.85,69.9
2023,Atlantic 10,5,George Mason,33,4,7,0.606,,100.9,98.8,2.1,24.2,53.8,0.451,7.3,20.8,0.35,0.519,13.0,19.9,0.651,9.2,35.8,13.7,4.6,3.1,13.7,17.2,67.3,1.73,0.27,67.6
2023,Atlantic 10,6,Duquesne,33,3,7,0.606,,108.0,102.8,5.2,27.2,62.2,0.437,9.2,25.0,0.366,0.511,11.4,16.4,0.694,12.4,35.7,15.3,8.1,3.8,12.0,18.6,71.3,3.48,-0.16,69.3
2023,Atlantic 10,7,George Washington,32,5,6,0.5,,107.4,108.0,-0.6,27.2,57.8,0.47,7.1,22.2,0.321,0.532,14.8,20.1,0.738,8.9,34.9,12.7,5.7,3.4,12.6,16.4,76.7,-1.93,-0.61,69.7
2023,Atlantic 10,8,Davidson,32,6,6,0.5,,104.4,102.6,1.8,24.5,55.4,0.443,6.8,20.8,0.325,0.503,14.1,18.8,0.748,8.3,32.9,13.1,5.4,1.3,10.8,15.2,68.7,1.99,1.47,66.1
2023,Atlantic 10,9,St. Joseph's,33,4,7,0.485,,103.5,103.5,0.0,24.8,58.2,0.426,8.8,26.7,0.329,0.502,14.0,19.9,0.703,10.4,34.6,12.1,6.5,3.2,12.8,17.5,72.4,-0.33,-0.3,69.4
2023,Atlantic 10,10,St. Bonaventure,32,2,11,0.438,,99.3,100.7,-1.3,24.0,56.1,0.429,7.1,20.3,0.348,0.492,11.6,16.5,0.703,9.4,32.8,11.9,7.0,3.4,12.7,18.6,67.7,-1.32,-0.41,66.7
2023,Atlantic 10,11,La Salle,34,5,8,0.441,,100.9,104.9,-4.0,25.4,59.9,0.424,7.3,21.4,0.342,0.485,11.8,17.0,0.693,11.3,35.8,12.0,6.7,3.2,12.6,17.8,72.6,-2.79,-0.02,68.5
2023,Atlantic 10,12,Richmond,33,1,11,0.455,,102.2,100.6,1.6,23.8,54.3,0.439,7.9,23.9,0.33,0.512,13.3,17.9,0.745,6.8,32.3,12.2,5.7,2.4,11.5,15.1,67.8,1.43,0.34,66.4
2023,Atlantic 10,13,UMass,31,3,8,0.484,,98.7,101.1,-2.3,25.0,60.3,0.415,5.9,17.9,0.328,0.464,13.9,19.4,0.716,13.0,38.3,13.6,6.8,3.8,14.3,17.5,71.4,-1.34,0.3,70.7
2023,Atlantic 10,14,Rhode Island,31,1,10,0.29,,95.4,102.2,-6.7,22.5,56.9,0.394,5.4,17.8,0.304,0.442,15.7,21.1,0.744,11.7,37.0,11.2,6.4,3.8,14.1,18.0,70.6,-4.16,0.49,68.3
2023,Atlantic 10,15,Loyola (IL),31,3,8,0.323,,99.3,106.9,-7.5,24.4,52.8,0.462,7.1,21.2,0.334,0.529,11.5,16.4,0.697,7.5,31.0,13.8,5.6,3.0,15.0,19.4,72.5,-4.65,0.44,67.0
2024,Atlantic 10,1,Loyola (IL),33,7,5,0.697,,104.7,96.7,8.0,25.9,57.6,0.45,8.3,23.5,0.354,0.522,13.0,19.1,0.68,9.6,36.8,16.6,7.1,5.0,12.8,19.5,67.5,6.57,2.42,69.3
2024,Atlantic 10,2,Richmond,33,7,6,0.697,,106.2,98.0,8.2,26.5,57.2,0.463,7.3,20.2,0.362,0.527,11.6,15.8,0.732,5.7,32.8,13.2,6.7,2.9,8.6,14.2,66.3,7.67,2.09,67.4
2024,Atlantic 10,3,Dayton,33,6,5,0.758,,114.1,102.2,11.9,25.2,53.1,0.474,9.4,23.5,0.399,0.563,14.4,19.5,0.74,8.0,33.5,14.6,5.5,3.9,10.4,13.5,66.5,13.45,5.73,64.8
2024,Atlantic 10,4,UMass,31,4,6,0.645,,111.5,101.8,9.7,27.7,61.4,0.451,6.7,21.5,0.313,0.506,15.4,22.0,0.699,13.4,38.3,15.6,7.6,3.0,11.1,18.7,70.7,7.59,0.88,69.2
2024,Atlantic 10,5,VCU,38,7,5,0.632,,106.5,100.1,6.4,23.8,54.2,0.44,8.5,24.0,0.353,0.518,14.8,19.0,0.781,9.0,35.2,13.6,6.5,4.4,12.2,16.4,66.7,8.7,4.41,66.2
2024,Atlantic 10,6,Duquesne,37,5,6,0.676,,105.5,99.7,5.8,24.9,57.0,0.436,7.5,22.2,0.34,0.503,13.2,18.4,0.72,10.5,34.8,13.4,7.5,4.3,11.7,17.1,66.7,7.35,4.68,66.9
2024,Atlantic 10,7,George Mason,32,5,7,0.625,,109.2,101.3,7.9,24.7,53.8,0.46,6.8,19.9,0.342,0.523,14.8,19.9,0.743,10.1,36.0,11.4,5.5,3.4,11.8,16.5,65.9,6.36,1.85,65.0
2024,Atlantic 10,8,St. Joseph's,35,3,10,0.6,,109.2,102.1,7.1,26.5,59.5,0.445,10.0,28.5,0.352,0.53,12.4,17.1,0.726,10.1,35.8,14.7,7.1,3.8,11.5,15.3,70.5,6.59,1.67,68.6
2024,Atlantic 10,9,St. Bonaventure,33,5,6,0.606,,110.0,102.8,7.2,25.8,56.7,0.456,7.6,20.8,0.365,0.523,14.2,18.3,0.774,9.7,32.9,12.5,6.6,3.9,10.8,16.8,68.6,6.77,1.95,66.0
2024,Atlantic 10,10,Fordham,33,4,6,0.394,,99.8,102.5,-2.7,24.2,60.4,0.4,8.0,25.5,0.315,0.467,14.1,21.2,0.662,13.0,37.1,12.7,8.0,4.7,12.9,20.2,72.4,-0.46,1.48,69.3
2024,Atlantic 10,11,La Salle,33,3,10,0.485,,106.4,106.9,-0.6,26.6,61.8,0.43,8.5,24.6,0.346,0.499,11.0,15.2,0.723,10.2,34.6,14.7,6.3,3.3,9.6,16.7,73.1,-1.62,0.85,67.3
2024,Atlantic 10,12,Rhode Island,32,3,8,0.375,,105.2,110.7,-5.5,25.8,56.3,0.459,6.5,18.7,0.349,0.517,14.4,22.3,0.647,10.4,36.8,12.8,4.7,3.1,12.6,16.9,76.3,-2.26,2.87,69.0
2024,Atlantic 10,13,Davidson,32,4,8,0.469,,104.7,101.5,3.2,24.5,56.8,0.431,7.3,23.4,0.314,0.496,13.8,18.8,0.733,9.2,34.7,12.6,6.5,3.5,10.6,16.0,67.9,3.63,3.3,65.9
2024,Atlantic 10,14,Saint Louis,33,3,9,0.394,,107.4,113.8,-6.4,25.6,56.8,0.451,7.8,21.4,0.367,0.52,15.9,21.2,0.75,8.7,33.5,12.9,6.1,3.1,11.8,18.1,79.4,-1.57,4.15,69.8
2024,Atlantic 10,15,George Washington,32,1,9,0.469,,106.2,106.8,-0.6,26.3,59.4,0.442,9.0,24.9,0.361,0.518,15.3,20.4,0.746,9.2,36.9,12.3,5.9,4.8,12.4,14.5,77.3,-1.03,-0.06,70.4
2025,Atlantic 10,1,George Mason,36,7,6,0.75,,106.9,95.7,11.2,24.1,53.0,0.455,6.9,19.6,0.355,0.521,16.0,22.4,0.714,10.1,36.4,12.7,7.6,3.3,12.9,16.5,63.8,7.2,0.83,65.3
2025,Atlantic 10,2,VCU,35,7,3,0.8,,115.1,94.0,21.0,26.5,59.7,0.445,9.6,28.6,0.336,0.526,14.2,19.1,0.743,13.2,38.2,15.0,8.1,5.4,11.3,18.1,62.9,14.45,1.3,66.6
2025,Atlantic 10,3,Dayton,34,6,5,0.676,,112.4,105.5,6.8,25.7,56.2,0.458,8.3,23.1,0.361,0.532,15.7,21.1,0.742,9.7,34.1,15.2,7.1,3.5,10.4,15.7,70.8,8.14,4.05,66.1
2025,Atlantic 10,4,Loyola (IL),37,7,5,0.676,,108.0,101.4,6.7,26.3,57.4,0.458,8.5,24.6,0.346,0.532,12.5,18.5,0.675,9.9,35.3,16.0,6.2,4.6,11.8,17.7,69.0,3.41,0.19,67.4
2025,Atlantic 10,5,St. Joseph's,35,4,6,0.629,,109.0,99.7,9.3,25.9,59.1,0.438,9.2,27.5,0.335,0.516,14.0,18.8,0.746,10.6,37.1,14.6,6.5,5.6,11.3,14.4,68.6,7.28,0.85,68.4
2025,Atlantic 10,6,Saint Louis,34,4,9,0.559,,107.8,103.3,4.4,26.4,55.5,0.477,9.8,27.8,0.352,0.565,11.6,17.0,0.686,7.6,35.2,15.0,6.4,3.1,12.7,14.7,71.3,3.04,2.04,68.5
2025,Atlantic 10,7,George Washington,34,5,6,0.618,,107.2,100.2,7.0,25.0,56.1,0.446,7.4,23.5,0.317,0.512,15.7,22.6,0.694,10.8,35.0,13.9,8.9,3.1,12.6,15.0,68.4,2.0,-1.7,67.5
2025,Atlantic 10,8,St. Bonaventure,34,7,6,0.647,,104.7,99.5,5.2,25.1,56.4,0.444,6.2,19.9,0.312,0.499,12.3,16.9,0.729,9.4,33.7,11.0,7.5,3.2,10.4,13.4,65.2,2.92,0.07,65.3
2025,Atlantic 10,9,Duquesne,32,2,8,0.406,,104.8,102.1,2.7,24.8,57.4,0.433,8.4,24.6,0.341,0.505,11.1,17.0,0.651,11.7,34.1,13.8,7.1,4.3,12.1,17.6,67.3,1.18,0.89,65.4
2025,Atlantic 10,10,UMass,32,4,7,0.375,,101.2,104.0,-2.9,26.3,64.2,0.41,5.8,20.6,0.281,0.455,14.6,21.9,0.664,14.3,39.7,12.9,7.8,4.8,11.7,18.1,75.0,-3.08,0.15,71.0
2025,Atlantic 10,11,Rhode Island,31,1,9,0.581,,108.3,104.2,4.1,26.7,57.5,0.465,7.6,21.7,0.351,0.531,17.0,24.5,0.694,10.0,37.4,13.9,5.9,3.4,12.9,16.4,75.1,1.06,-0.91,71.2
2025,Atlantic 10,12,Davidson,33,4,7,0.515,,109.0,106.3,2.7,26.0,57.3,0.454,8.1,23.8,0.338,0.525,12.4,16.6,0.746,8.1,33.2,14.9,5.7,2.5,9.6,14.8,70.7,1.02,0.46,66.6
2025,Atlantic 10,13,La Salle,33,2,10,0.424,,103.1,106.9,-3.9,25.6,62.0,0.413,7.0,20.8,0.336,0.469,13.8,19.0,0.726,11.9,36.9,11.8,7.2,3.5,10.7,15.8,74.7,-3.64,1.02,69.6
2025,Atlantic 10,14,Richmond,32,2,11,0.313,,100.7,108.5,-7.8,22.8,54.5,0.418,7.8,24.9,0.314,0.489,13.4,16.9,0.792,6.5,31.1,11.7,6.0,2.1,10.2,17.5,71.9,-5.48,1.45,64.8
2025,Atlantic 10,15,Fordham,33,2,10,0.364,,104.2,109.3,-5.1,25.8,60.8,0.423,8.2,25.3,0.325,0.491,14.5,20.2,0.719,12.1,36.3,13.7,7.6,3.5,13.2,18.7,78.0,-4.44,0.59,70.5
2015,ACC,1,Virginia,34,11,1,0.882,,110.8,87.2,23.6,23.6,51.7,0.457,5.0,14.2,0.352,0.506,13.1,18.1,0.726,10.5,36.2,12.6,5.5,4.2,9.3,14.2,51.5,21.73,7.81,58.6
2015,ACC,2,Duke,39,9,2,0.897,,119.4,96.7,22.8,28.2,56.2,0.502,7.3,18.8,0.387,0.566,15.6,22.4,0.699,11.4,36.8,15.1,7.1,3.8,10.8,15.6,64.2,24.97,9.87,65.9
2015,ACC,3,Notre Dame,38,7,2,0.842,,120.4,101.6,18.9,27.6,54.2,0.509,7.9,20.4,0.39,0.583,14.8,19.9,0.742,8.2,32.4,15.2,6.7,3.6,9.4,14.2,65.8,19.23,7.02,63.7
2015,ACC,4,Louisville,36,7,3,0.75,,104.5,90.7,13.8,24.4,56.9,0.429,5.5,17.9,0.307,0.477,14.7,22.0,0.668,12.6,37.5,11.6,7.9,5.3,11.3,17.3,59.8,18.12,8.98,65.6
2015,ACC,5,UNC,38,7,4,0.684,,111.6,98.9,12.7,28.9,60.8,0.476,4.8,13.5,0.358,0.516,15.0,21.4,0.701,13.8,40.6,17.4,6.6,4.2,12.7,19.4,68.8,20.63,11.76,69.2
2015,ACC,6,Miami (FL),38,8,4,0.658,,107.3,99.5,7.8,23.1,54.0,0.428,7.7,21.5,0.358,0.499,14.3,19.2,0.746,9.9,34.7,12.8,5.5,3.3,10.1,15.6,63.3,12.0,7.05,62.5
2015,ACC,7,NC State,36,5,5,0.611,,108.0,101.2,6.8,24.9,57.1,0.436,6.6,18.4,0.357,0.493,13.9,20.2,0.686,12.1,38.0,11.5,3.8,5.1,10.4,17.7,65.8,14.11,9.72,64.5
2015,ACC,8,Syracuse,31,4,7,0.581,,101.5,95.2,6.3,24.6,57.3,0.43,5.0,16.6,0.301,0.474,13.4,20.3,0.66,12.0,36.6,15.1,8.3,5.1,11.9,15.2,63.4,11.91,7.68,66.1
2015,ACC,9,Clemson,31,3,7,0.516,,99.1,98.3,0.9,22.2,54.4,0.409,5.5,18.5,0.299,0.46,12.7,18.7,0.682,11.9,36.2,10.6,5.4,4.8,11.8,16.2,62.2,7.73,7.18,62.8
2015,ACC,10,Florida State,33,3,7,0.515,,100.6,101.1,-0.5,23.1,50.6,0.457,4.5,14.2,0.313,0.501,15.9,23.7,0.669,9.9,33.6,11.5,5.5,4.8,14.5,18.5,67.0,6.69,7.02,65.7
2015,ACC,11,Pitt,34,2,8,0.559,,108.4,106.1,2.3,24.6,54.9,0.447,4.8,14.2,0.339,0.491,13.1,19.1,0.685,12.0,33.4,16.5,4.9,2.8,9.9,17.8,65.6,8.45,7.36,61.2
2015,ACC,12,Wake Forest,32,2,10,0.406,,99.5,103.9,-4.4,23.8,56.5,0.421,6.4,19.2,0.336,0.478,15.0,23.5,0.638,11.7,37.5,14.1,6.5,3.8,13.4,18.1,72.1,4.62,7.68,68.6
2015,ACC,13,Boston College,32,2,7,0.406,,101.4,103.9,-2.5,23.2,52.1,0.445,6.5,19.9,0.324,0.507,12.9,18.3,0.705,8.2,30.7,13.2,5.7,2.7,12.2,19.0,67.4,6.32,7.94,63.9
2015,ACC,14,Georgia Tech,31,2,9,0.387,,97.4,99.4,-2.0,23.7,58.1,0.408,4.2,15.8,0.267,0.444,11.7,18.1,0.648,14.3,38.3,11.7,5.7,3.4,12.7,16.6,64.6,7.16,8.45,63.9
2015,ACC,15,Virginia Tech,33,0,11,0.333,,101.2,107.4,-6.2,23.6,52.9,0.446,7.3,18.8,0.389,0.515,10.8,16.9,0.64,8.3,29.6,12.0,4.4,2.9,11.7,18.1,69.4,1.29,5.32,64.1
2016,ACC,1,UNC,40,6,5,0.825,,118.0,99.8,18.2,30.9,64.0,0.482,5.6,17.1,0.327,0.526,15.4,20.7,0.747,14.2,40.6,17.7,6.7,4.4,10.8,18.0,70.0,23.44,10.69,70.2
2016,ACC,2,Miami (FL),35,6,5,0.771,,113.3,101.5,11.8,25.9,54.1,0.479,6.9,18.4,0.375,0.542,16.5,22.1,0.749,9.4,34.5,12.5,6.1,3.6,10.9,16.6,67.4,18.52,10.69,66.2
2016,ACC,3,Virginia,37,5,6,0.784,,115.0,97.3,17.7,26.1,53.1,0.491,6.1,15.1,0.402,0.548,12.8,17.0,0.752,8.7,32.1,14.9,5.4,3.2,9.3,16.1,60.1,22.04,11.12,61.5
2016,ACC,4,Louisville,31,4,7,0.742,,112.9,92.1,20.8,27.9,59.6,0.469,6.0,17.3,0.347,0.519,13.1,19.0,0.69,13.4,38.2,13.5,7.2,4.8,11.4,19.3,61.1,21.57,7.74,66.4
2016,ACC,5,Duke,36,5,4,0.694,,117.7,105.2,12.5,27.3,59.3,0.46,9.1,23.6,0.385,0.537,17.4,24.1,0.723,11.8,36.0,13.3,6.3,4.3,9.8,16.8,72.5,19.23,10.59,68.4
2016,ACC,6,Notre Dame,36,5,5,0.667,,115.2,108.3,6.9,27.0,56.7,0.476,7.3,19.4,0.374,0.54,13.8,18.6,0.742,10.6,35.1,13.3,5.5,4.0,10.0,15.1,70.6,14.1,9.57,65.0
2016,ACC,7,Clemson,31,3,8,0.548,,108.5,100.4,8.0,24.3,55.6,0.437,7.7,21.9,0.351,0.506,13.4,18.5,0.723,10.3,34.7,13.3,5.8,5.2,10.2,16.5,64.5,12.03,6.87,63.7
2016,ACC,8,Virginia Tech,35,4,7,0.571,,105.7,102.3,3.4,25.0,55.8,0.449,5.7,16.4,0.348,0.5,19.2,27.5,0.697,10.6,35.1,12.2,5.4,3.6,12.8,19.2,72.6,9.93,7.53,69.7
2016,ACC,9,Pitt,33,3,6,0.636,,112.2,100.6,11.6,26.6,58.2,0.458,6.2,17.8,0.346,0.511,15.6,20.8,0.752,12.6,38.1,16.6,4.9,3.7,11.6,17.6,67.3,15.47,8.75,66.4
2016,ACC,10,Syracuse,37,3,8,0.622,,106.7,99.3,7.4,23.9,56.2,0.425,8.5,23.7,0.36,0.501,13.7,19.9,0.688,12.0,35.6,13.3,8.1,4.4,11.9,16.2,65.1,14.62,9.75,64.9
2016,ACC,11,Florida State,34,4,8,0.588,,108.2,102.6,5.5,27.9,60.1,0.464,6.5,19.0,0.341,0.518,15.8,22.7,0.695,11.4,37.0,13.3,7.1,4.1,13.0,19.3,74.0,12.16,8.16,71.8
2016,ACC,12,Georgia Tech,36,5,8,0.583,,109.0,105.2,3.8,26.8,59.7,0.449,5.9,16.6,0.357,0.498,13.7,18.9,0.722,13.0,38.8,13.5,4.4,4.2,11.2,17.9,70.7,12.51,9.95,67.0
2016,ACC,13,NC State,33,3,8,0.485,,109.2,108.1,1.1,26.2,60.6,0.433,6.3,18.0,0.348,0.485,16.5,23.5,0.699,13.8,39.6,11.6,4.5,4.3,11.1,16.9,74.4,9.83,9.04,68.3
2016,ACC,14,Wake Forest,31,3,9,0.355,,102.1,109.0,-6.9,25.6,58.2,0.44,6.3,19.9,0.316,0.494,16.6,25.1,0.66,12.2,38.3,14.0,5.9,4.5,14.5,20.9,79.0,5.53,10.53,71.9
2016,ACC,15,Boston College,32,0,10,0.219,,91.0,104.9,-13.8,22.4,54.7,0.409,7.2,22.3,0.324,0.475,9.2,14.1,0.65,7.6,31.0,12.8,5.7,2.9,13.5,18.1,70.5,-1.61,7.67,67.0
2017,ACC,1,UNC,40,6,5,0.825,,116.0,97.0,19.0,30.7,65.8,0.466,7.1,20.0,0.355,0.519,16.1,22.9,0.701,15.8,43.7,18.1,7.1,3.5,11.8,17.8,70.6,24.84,11.76,72.6
2017,ACC,2,Florida State,35,3,6,0.743,,113.1,99.3,13.8,29.6,61.3,0.483,6.7,19.2,0.347,0.537,16.2,23.5,0.689,11.7,37.8,14.6,7.4,5.1,11.9,19.5,72.1,18.87,8.87,72.6
2017,ACC,3,Louisville,34,5,5,0.735,,112.0,95.6,16.4,28.0,61.3,0.457,7.0,19.7,0.355,0.514,14.3,20.8,0.686,13.4,39.5,13.6,6.7,5.5,11.0,19.2,66.0,22.47,11.15,68.5
2017,ACC,4,Notre Dame,36,5,4,0.722,,113.8,102.0,11.8,27.2,59.4,0.458,9.3,24.1,0.384,0.536,13.6,17.0,0.8,9.3,33.7,15.7,7.1,3.7,9.5,14.8,69.3,17.81,9.78,67.7
2017,ACC,5,Duke,37,4,6,0.757,,115.7,100.5,15.2,27.5,57.9,0.475,8.4,22.2,0.378,0.548,17.4,22.8,0.762,10.5,36.2,13.1,6.1,4.6,11.4,18.2,70.2,21.56,10.91,69.9
2017,ACC,6,Virginia,34,7,5,0.676,,107.9,92.1,15.9,24.7,53.6,0.46,6.8,17.7,0.385,0.524,9.9,13.9,0.709,8.7,32.9,13.9,5.6,4.1,9.5,16.4,56.4,20.63,10.93,60.3
2017,ACC,7,Miami (FL),33,4,6,0.636,,106.3,98.7,7.6,24.6,54.5,0.452,6.3,17.8,0.356,0.51,13.4,18.7,0.718,11.0,35.6,11.8,6.5,3.8,12.6,15.5,64.1,14.48,9.57,64.7
2017,ACC,8,Syracuse,34,2,8,0.559,,111.6,104.0,7.7,26.3,57.4,0.458,8.8,23.3,0.379,0.535,14.9,20.1,0.739,10.7,34.8,15.6,8.1,4.7,12.3,15.9,71.1,13.7,8.47,67.9
2017,ACC,9,Virginia Tech,33,4,6,0.667,,112.5,106.3,6.3,26.9,54.9,0.489,8.8,21.8,0.403,0.569,16.5,22.5,0.737,7.3,32.4,15.1,4.0,2.8,12.1,16.5,74.7,12.77,8.38,69.8
2017,ACC,10,Wake Forest,33,5,8,0.576,,115.5,109.3,6.1,28.0,59.2,0.472,8.1,21.1,0.385,0.541,18.8,24.1,0.779,10.6,36.3,15.5,5.5,3.7,11.8,20.2,78.4,14.19,9.8,71.7
2017,ACC,11,Georgia Tech,37,3,10,0.568,,97.0,96.1,0.9,24.6,56.2,0.438,4.6,13.9,0.331,0.479,13.6,20.0,0.682,9.6,35.9,15.4,6.6,6.0,13.4,16.0,66.8,7.82,8.21,69.3
2017,ACC,12,Clemson,33,3,7,0.515,,110.0,105.2,4.8,26.4,58.8,0.449,7.2,20.3,0.357,0.511,14.8,20.2,0.731,11.1,34.1,12.5,7.1,3.9,10.7,15.2,71.5,13.22,9.98,67.7
2017,ACC,13,NC State,32,2,8,0.469,,107.1,109.8,-2.8,27.8,59.3,0.468,7.1,19.8,0.356,0.527,15.0,21.5,0.7,10.3,36.3,14.3,5.1,4.4,13.4,18.2,79.6,6.09,8.09,71.9
2017,ACC,14,Pitt,33,2,8,0.485,,106.8,109.5,-2.7,24.5,55.3,0.442,8.0,22.1,0.361,0.514,16.0,21.8,0.733,9.5,35.1,14.3,3.8,3.4,12.0,16.6,74.7,9.25,11.06,67.2
2017,ACC,15,Boston College,32,0,9,0.281,,100.0,108.1,-8.1,26.3,58.8,0.448,8.0,21.4,0.374,0.516,11.8,17.4,0.68,9.1,35.0,14.8,5.6,2.7,14.6,18.7,78.4,2.2,8.08,72.5
2018,ACC,1,Virginia,34,10,1,0.912,,110.5,88.8,21.6,24.9,54.2,0.46,7.3,19.0,0.383,0.527,10.0,13.3,0.754,8.3,32.3,13.5,6.8,3.6,8.5,14.1,54.0,22.2,9.05,60.6
2018,ACC,2,Duke,37,6,5,0.784,,118.6,97.9,20.7,30.4,61.8,0.492,8.4,22.5,0.372,0.559,15.2,21.4,0.71,13.4,41.1,17.5,7.4,5.0,12.4,15.5,69.6,24.43,9.7,70.6
2018,ACC,3,Clemson,35,4,6,0.714,,108.5,96.9,11.6,25.7,56.3,0.456,8.2,22.5,0.366,0.529,14.2,18.9,0.755,8.9,35.9,13.2,5.7,4.8,11.8,16.1,65.9,17.16,9.25,67.5
2018,ACC,4,Miami (FL),32,8,4,0.688,,107.9,99.4,8.6,27.3,58.8,0.465,7.7,21.2,0.364,0.531,11.3,17.1,0.662,9.9,34.8,13.3,6.6,4.1,11.5,16.2,67.9,12.83,6.96,67.8
2018,ACC,5,UNC,37,6,5,0.703,,113.4,101.8,11.5,29.9,65.3,0.457,8.2,22.9,0.359,0.52,13.6,18.3,0.743,13.8,42.4,18.2,5.8,4.1,12.0,15.9,73.3,20.07,11.78,71.7
2018,ACC,6,NC State,33,4,5,0.636,,112.3,103.7,8.6,29.2,62.2,0.47,8.0,21.4,0.372,0.534,14.8,21.3,0.696,12.2,35.6,16.1,7.4,3.7,12.1,18.5,75.1,12.91,6.7,72.1
2018,ACC,7,Virginia Tech,33,6,5,0.636,,113.0,102.2,10.8,28.2,56.5,0.499,8.8,22.6,0.388,0.577,14.6,20.6,0.709,7.5,32.7,16.4,5.8,2.2,12.0,15.8,72.2,14.35,6.71,69.9
2018,ACC,8,Florida State,35,4,7,0.657,,109.5,99.6,10.0,28.4,60.7,0.468,7.8,22.3,0.35,0.532,15.5,22.5,0.691,11.4,37.8,14.9,6.9,5.3,13.0,18.6,72.9,15.78,8.5,72.2
2018,ACC,9,Louisville,36,4,7,0.611,,106.9,99.5,7.4,26.9,59.4,0.453,7.8,20.9,0.371,0.518,14.0,19.0,0.736,9.9,36.6,13.6,7.0,6.0,11.8,16.3,70.4,14.3,9.07,69.7
2018,ACC,10,Notre Dame,36,5,7,0.583,,111.5,102.1,9.4,26.3,59.2,0.443,8.3,23.3,0.358,0.514,14.1,18.6,0.758,10.7,36.8,14.4,5.8,3.6,9.9,13.1,68.6,13.64,7.92,66.5
2018,ACC,11,Syracuse,37,4,6,0.622,,102.4,98.0,4.4,22.5,53.9,0.417,5.6,17.7,0.318,0.469,16.1,21.8,0.736,11.9,37.2,10.7,7.0,5.4,12.4,16.5,63.8,12.89,10.02,64.2
2018,ACC,12,Boston College,35,2,11,0.543,,107.7,105.2,2.5,27.1,60.1,0.45,8.5,23.7,0.359,0.521,13.7,18.5,0.741,10.5,36.9,14.1,5.0,3.1,12.6,16.3,74.6,9.0,7.2,70.1
2018,ACC,13,Georgia Tech,32,1,10,0.406,,98.3,101.7,-3.3,23.5,55.3,0.425,4.9,15.3,0.318,0.469,13.7,19.3,0.713,10.4,33.9,12.8,6.9,5.3,12.8,16.7,67.9,5.25,7.46,66.5
2018,ACC,14,Wake Forest,31,3,8,0.355,,104.9,106.4,-1.5,25.8,58.9,0.439,7.8,20.8,0.374,0.505,13.9,18.8,0.738,10.9,35.7,13.9,5.8,3.5,13.1,19.5,74.4,7.76,8.79,69.9
2018,ACC,15,Pitt,32,0,10,0.25,,93.7,109.3,-15.6,21.2,52.3,0.405,8.1,24.8,0.325,0.482,11.6,16.7,0.695,7.7,31.5,12.4,4.3,3.5,13.8,17.3,72.4,-1.87,8.48,65.7
2019,ACC,1,UNC,36,11,1,0.806,,112.7,96.1,16.5,31.1,66.9,0.464,8.7,23.9,0.362,0.529,15.0,20.2,0.743,13.3,44.1,18.8,7.0,3.3,13.1,17.0,73.2,23.94,11.35,75.9
2019,ACC,2,Virginia,38,10,1,0.921,,116.3,91.3,24.9,25.6,54.1,0.474,8.4,21.4,0.395,0.552,11.7,15.7,0.744,9.0,34.9,14.3,5.6,3.9,9.0,14.3,56.1,25.46,10.15,60.8
2019,ACC,3,Duke,38,7,2,0.842,,112.6,92.3,20.3,30.4,63.6,0.478,7.3,23.8,0.308,0.536,14.5,21.1,0.686,13.0,41.2,15.9,9.1,6.8,12.8,15.7,67.8,26.9,11.98,73.2
2019,ACC,4,Florida State,37,6,4,0.784,,106.3,95.3,11.0,25.9,58.7,0.442,7.4,22.1,0.332,0.505,15.6,21.0,0.744,11.3,37.6,12.8,7.2,4.4,13.3,19.1,67.2,17.99,10.26,69.5
2019,ACC,5,Virginia Tech,35,5,5,0.743,,113.3,95.6,17.7,25.5,54.3,0.47,9.3,23.7,0.394,0.556,13.2,17.3,0.761,8.9,32.6,15.2,6.7,2.2,11.2,15.2,62.1,19.28,7.79,64.4
2019,ACC,6,Louisville,34,5,6,0.588,,107.4,98.4,9.0,25.1,57.9,0.434,8.6,25.3,0.342,0.509,15.7,20.2,0.777,10.1,38.1,13.5,4.4,2.9,12.1,17.4,68.4,17.28,11.04,68.4
2019,ACC,7,Syracuse,34,6,4,0.588,,103.4,98.0,5.4,23.8,56.1,0.424,8.1,24.2,0.333,0.496,14.1,20.6,0.685,10.7,34.5,12.0,8.2,4.8,12.4,17.3,66.1,13.73,10.09,67.2
2019,ACC,8,Clemson,34,4,6,0.588,,102.2,95.0,7.2,24.5,54.6,0.449,6.4,19.4,0.328,0.507,13.4,18.3,0.732,9.1,35.4,12.1,6.6,4.5,13.2,16.2,63.9,13.85,8.99,67.3
2019,ACC,9,NC State,36,4,6,0.667,,110.7,98.7,12.1,29.5,64.4,0.458,8.1,23.1,0.352,0.52,13.0,18.4,0.708,13.5,38.6,15.0,7.1,3.8,12.5,19.2,71.3,14.94,6.22,71.8
2019,ACC,10,Georgia Tech,32,3,9,0.438,,95.5,97.3,-1.8,23.6,53.6,0.44,5.5,17.9,0.307,0.492,12.7,18.4,0.689,8.2,33.6,13.5,6.9,5.2,14.3,17.5,66.6,6.93,8.15,68.1
2019,ACC,11,Boston College,31,2,8,0.452,,101.9,104.7,-2.8,24.8,58.3,0.425,7.0,22.2,0.317,0.485,14.3,20.4,0.698,10.7,36.7,12.3,5.1,3.3,12.2,16.4,72.8,5.83,7.76,68.4
2019,ACC,12,Miami (FL),32,0,10,0.438,,104.3,103.3,1.0,25.2,57.8,0.435,8.4,25.2,0.333,0.507,13.1,17.8,0.735,9.1,33.2,12.9,6.6,3.1,11.6,14.5,71.1,9.39,8.7,68.5
2019,ACC,13,Wake Forest,31,1,10,0.355,,98.6,109.1,-10.5,23.0,58.5,0.394,6.4,20.6,0.308,0.448,15.9,22.0,0.725,12.9,37.9,10.6,4.8,2.5,13.5,17.9,75.6,1.21,8.47,68.8
2019,ACC,14,Notre Dame,33,1,9,0.424,,103.3,103.8,-0.5,23.5,59.8,0.393,8.2,26.2,0.315,0.462,13.4,18.0,0.744,11.2,36.6,12.8,5.4,4.5,9.3,13.8,69.0,7.97,8.28,66.4
2019,ACC,15,Pitt,33,0,11,0.424,,101.1,99.4,1.7,23.3,55.8,0.418,6.8,20.6,0.331,0.479,16.5,23.6,0.697,11.6,36.7,11.7,6.9,3.8,13.6,18.5,68.7,7.88,6.69,68.6
2021,ACC,1,Virginia,25,6,3,0.72,,111.5,99.0,12.6,25.2,53.0,0.474,8.5,22.6,0.375,0.554,9.4,11.5,0.816,6.5,31.6,13.8,4.9,4.4,9.2,12.9,60.5,15.27,7.59,60.8
2021,ACC,2,Florida State,25,3,4,0.72,,109.1,97.8,11.3,27.7,58.4,0.474,7.7,20.4,0.376,0.54,14.0,19.0,0.741,10.9,36.7,14.5,7.3,5.1,14.4,18.4,69.2,17.12,9.16,70.0
2021,ACC,3,Georgia Tech,26,4,5,0.654,,107.8,100.8,7.0,27.8,58.2,0.477,7.4,21.2,0.348,0.54,12.0,16.5,0.726,7.9,30.3,15.8,9.1,3.5,11.2,15.8,70.0,12.79,7.91,67.9
2021,ACC,4,Clemson,24,2,5,0.667,,99.5,94.9,4.6,23.4,55.1,0.425,8.3,23.9,0.345,0.5,9.8,12.8,0.769,8.6,32.6,13.3,6.1,2.9,12.6,15.6,61.9,12.49,9.49,64.9
2021,ACC,5,UNC,29,3,7,0.621,,104.8,97.4,7.4,27.6,63.0,0.439,5.6,17.6,0.318,0.483,14.4,21.5,0.668,15.7,42.8,15.3,7.0,4.7,14.6,16.8,69.9,14.79,9.52,71.8
2021,ACC,6,Duke,24,3,6,0.542,,108.8,102.1,6.7,28.8,61.6,0.468,8.4,23.8,0.352,0.536,10.0,14.4,0.691,11.2,35.5,16.3,8.2,4.5,12.8,17.1,71.3,13.04,8.33,69.1
2021,ACC,7,NC State,25,5,5,0.56,,106.2,101.7,4.6,26.8,57.0,0.471,6.7,18.6,0.36,0.529,12.4,17.7,0.702,9.8,32.6,13.1,8.1,4.2,12.8,16.0,69.7,9.6,6.48,68.2
2021,ACC,8,Syracuse,28,2,7,0.643,,107.5,100.8,6.7,26.5,60.0,0.442,8.5,24.2,0.35,0.512,13.3,17.0,0.782,10.2,35.4,15.0,8.1,5.0,11.3,14.6,70.1,13.27,8.59,69.3
2021,ACC,9,Virginia Tech,22,3,3,0.682,,106.7,97.7,9.0,25.4,56.4,0.45,8.2,23.1,0.354,0.523,13.1,18.8,0.698,9.3,34.5,14.2,4.8,3.9,11.6,16.5,66.0,12.59,6.5,66.4
2021,ACC,10,Louisville,20,4,4,0.65,,102.3,100.1,2.2,24.7,57.3,0.431,5.4,17.4,0.308,0.478,13.2,18.4,0.717,11.3,38.2,11.1,4.8,1.9,11.5,16.9,66.5,10.35,8.9,66.0
2021,ACC,11,Notre Dame,26,4,8,0.423,,107.9,110.3,-2.5,26.1,56.9,0.459,9.1,24.7,0.368,0.539,11.4,14.7,0.773,7.2,33.4,14.9,4.3,3.9,10.6,12.8,74.3,7.73,9.38,67.4
2021,ACC,12,Pitt,22,3,5,0.455,,103.9,102.3,1.5,25.2,58.3,0.432,6.5,19.4,0.338,0.488,14.3,21.5,0.664,12.7,38.3,14.6,6.0,3.8,12.6,17.3,70.1,7.8,6.75,68.5
2021,ACC,13,Miami (FL),27,1,8,0.37,,97.2,103.8,-6.6,24.0,56.4,0.425,5.6,18.8,0.295,0.474,13.0,18.5,0.7,9.5,35.0,11.3,6.6,3.9,12.6,12.3,71.0,3.23,7.75,68.0
2021,ACC,14,Wake Forest,22,1,9,0.273,,97.7,106.1,-8.4,22.8,55.5,0.41,8.9,25.5,0.347,0.49,11.9,16.3,0.727,9.0,32.6,11.5,6.2,2.2,13.6,16.6,72.0,1.72,8.06,67.4
2021,ACC,15,Boston College,20,0,7,0.2,,98.7,110.0,-11.3,25.0,59.3,0.422,9.0,27.3,0.33,0.498,12.4,17.6,0.702,9.2,33.3,11.5,7.2,3.9,13.7,16.2,79.5,0.82,8.97,71.8
2022,ACC,1,Duke,39,9,2,0.821,,117.0,99.1,18.0,29.7,60.4,0.491,7.9,21.6,0.366,0.557,12.8,17.3,0.738,10.5,37.9,16.5,6.4,5.6,10.3,13.6,67.8,19.55,7.26,68.2
2022,ACC,2,UNC,39,8,3,0.744,,109.7,100.4,9.3,27.6,61.8,0.447,8.4,23.5,0.358,0.515,14.3,18.7,0.764,11.5,41.3,14.9,5.2,3.9,11.7,14.5,71.3,15.5,8.89,70.3
2022,ACC,3,Notre Dame,35,7,5,0.686,,108.6,100.4,8.2,26.1,56.4,0.463,9.1,23.8,0.381,0.543,11.3,15.0,0.753,7.2,34.0,14.0,5.2,1.9,10.4,12.7,67.1,11.87,7.01,65.9
2022,ACC,4,Miami (FL),37,10,2,0.703,,108.6,103.3,5.3,27.3,57.7,0.473,6.9,20.5,0.339,0.533,12.4,16.6,0.742,7.3,30.6,14.1,8.9,3.2,9.5,14.9,70.4,11.22,7.62,67.8
2022,ACC,5,Wake Forest,35,5,6,0.714,,108.7,97.0,11.7,27.9,57.9,0.483,8.5,24.6,0.344,0.556,14.2,19.5,0.73,8.7,36.8,15.1,6.5,3.9,13.9,16.0,70.1,13.24,4.75,71.2
2022,ACC,6,Virginia,35,7,6,0.6,,103.7,99.9,3.8,23.3,52.0,0.449,5.0,15.6,0.323,0.497,10.7,14.6,0.73,8.6,31.3,14.1,5.7,4.3,9.7,13.7,60.1,8.88,6.6,59.9
2022,ACC,7,Virginia Tech,36,7,6,0.639,,111.0,98.4,12.5,25.9,55.0,0.471,8.9,22.6,0.392,0.551,10.1,13.5,0.751,8.5,32.0,14.3,5.3,3.2,10.9,14.9,62.8,14.48,6.48,63.6
2022,ACC,8,Florida State,31,4,8,0.548,,102.7,104.0,-1.4,25.8,59.4,0.434,6.7,20.3,0.331,0.49,12.7,18.0,0.708,11.4,34.9,14.4,8.5,4.9,12.5,16.3,71.9,6.39,7.32,68.6
2022,ACC,9,Syracuse,33,3,8,0.485,,110.9,107.6,3.3,27.7,61.5,0.451,9.1,24.1,0.377,0.525,12.8,17.4,0.737,10.6,36.3,14.6,7.0,3.8,10.7,14.2,75.1,10.12,7.82,68.5
2022,ACC,10,Clemson,33,3,8,0.515,,106.8,102.0,4.9,25.8,56.6,0.456,7.8,21.4,0.363,0.524,12.4,16.8,0.736,8.5,34.6,14.2,5.9,2.3,11.0,15.8,68.5,9.59,6.31,66.6
2022,ACC,11,Boston College,33,2,10,0.394,,100.7,102.5,-1.8,24.6,57.5,0.428,5.8,18.6,0.309,0.478,12.0,17.0,0.704,10.7,34.2,12.4,7.2,2.9,11.9,15.6,68.1,4.03,5.22,65.5
2022,ACC,12,Louisville,32,2,10,0.406,,98.9,103.0,-4.1,24.8,58.8,0.422,7.7,24.8,0.309,0.488,9.9,14.8,0.674,10.0,36.5,11.9,6.1,2.4,12.2,17.2,70.1,4.23,7.01,67.5
2022,ACC,13,Pitt,32,3,9,0.344,,95.8,106.0,-10.2,21.1,50.9,0.414,5.4,17.1,0.314,0.467,14.0,20.1,0.696,9.9,33.8,11.0,5.4,3.8,13.6,15.3,68.1,0.45,6.98,64.2
2022,ACC,14,Georgia Tech,32,3,8,0.375,,98.4,101.5,-3.1,25.7,58.3,0.441,7.1,20.2,0.353,0.502,10.0,14.4,0.698,8.9,34.0,13.7,7.8,2.6,13.1,18.0,70.8,2.24,6.08,68.6
2022,ACC,15,NC State,32,3,7,0.344,,105.4,109.1,-3.7,25.8,62.4,0.413,8.3,24.5,0.341,0.479,13.2,18.2,0.725,11.8,34.8,11.3,7.0,3.7,10.0,16.5,75.6,3.77,6.37,67.9
2023,ACC,1,Miami (FL),37,7,4,0.784,,114.3,104.0,10.3,28.6,59.6,0.48,7.5,20.4,0.368,0.543,14.4,18.3,0.784,10.4,34.7,14.5,7.3,3.1,11.1,14.2,71.9,13.98,6.84,68.9
2023,ACC,2,Virginia,33,6,5,0.758,,108.1,96.5,11.6,24.0,53.5,0.449,6.7,19.1,0.35,0.512,13.1,18.6,0.703,8.3,32.2,15.7,6.8,4.3,8.5,14.3,60.5,13.28,5.98,62.5
2023,ACC,3,Clemson,34,5,6,0.676,,109.0,99.0,10.0,26.4,56.6,0.467,8.3,22.8,0.364,0.541,13.5,17.2,0.785,7.4,35.2,14.3,5.1,3.1,11.1,17.3,67.9,10.53,3.71,68.1
2023,ACC,4,Duke,36,4,6,0.75,,109.5,96.8,12.8,26.0,57.6,0.452,6.8,20.3,0.335,0.511,13.2,17.2,0.766,12.0,38.7,14.6,5.7,4.5,12.0,15.3,63.6,15.83,7.44,65.5
2023,ACC,5,Pitt,36,7,5,0.667,,110.4,102.4,7.9,25.8,57.8,0.447,9.0,25.1,0.36,0.525,14.4,19.0,0.759,10.1,36.1,14.1,5.1,4.1,11.1,16.3,69.7,10.59,5.2,68.1
2023,ACC,6,NC State,34,4,6,0.676,,110.9,101.1,9.9,28.9,64.1,0.45,8.3,23.8,0.347,0.515,11.7,16.2,0.722,11.3,36.6,12.8,7.8,4.5,9.4,17.4,70.8,12.5,5.58,69.8
2023,ACC,7,UNC,33,4,7,0.606,,107.8,100.3,7.5,26.2,60.5,0.434,7.1,22.8,0.312,0.492,16.6,22.4,0.742,11.2,39.5,12.0,5.4,3.9,10.8,16.8,70.9,12.94,7.66,69.3
2023,ACC,8,Syracuse,32,5,6,0.531,,107.7,105.9,1.8,27.2,58.8,0.463,6.2,17.1,0.362,0.515,13.5,18.0,0.749,10.1,34.8,14.3,7.5,5.0,11.7,13.3,72.9,5.39,4.17,68.3
2023,ACC,9,Wake Forest,33,4,8,0.576,,108.5,104.5,4.0,26.6,57.8,0.46,9.5,26.2,0.364,0.542,13.8,18.6,0.746,8.3,34.2,13.5,6.0,2.7,12.1,16.0,73.8,8.25,5.43,70.1
2023,ACC,10,Boston College,33,4,7,0.485,,99.0,104.4,-5.4,24.8,56.8,0.437,5.7,17.9,0.319,0.487,11.2,15.5,0.725,9.3,33.1,12.5,6.4,3.6,12.3,15.8,70.2,1.09,4.73,66.7
2023,ACC,11,Virginia Tech,34,2,10,0.559,,110.5,104.5,6.0,27.4,58.3,0.469,8.3,23.1,0.358,0.54,11.1,15.1,0.735,8.5,33.3,15.5,5.2,3.1,9.9,15.5,70.1,9.36,5.3,66.8
2023,ACC,12,Florida State,32,4,7,0.281,,100.5,110.4,-10.0,25.1,57.5,0.436,6.5,19.8,0.33,0.493,12.7,17.5,0.726,8.7,31.4,13.4,6.2,3.9,12.1,16.2,76.2,-0.38,6.5,69.0
2023,ACC,13,Georgia Tech,33,3,9,0.455,,102.8,104.3,-1.5,25.9,61.2,0.423,7.8,23.4,0.335,0.488,10.1,14.5,0.696,10.6,35.0,14.0,6.0,4.1,10.6,15.9,70.8,2.08,4.89,67.6
2023,ACC,14,Notre Dame,32,0,10,0.344,,106.0,109.8,-3.8,25.3,57.2,0.443,8.8,24.6,0.358,0.52,10.2,13.3,0.763,6.6,31.1,11.8,4.7,2.7,8.8,14.3,72.1,2.09,4.59,65.4
2023,ACC,15,Louisville,32,0,11,0.125,,95.4,113.0,-17.7,22.4,53.1,0.421,6.3,19.0,0.329,0.48,12.9,17.5,0.741,9.2,32.2,9.3,4.5,2.8,14.9,16.5,75.8,-5.39,6.45,67.0
2024,ACC,1,UNC,37,8,2,0.784,,114.6,98.6,16.0,28.3,62.8,0.45,8.1,22.7,0.359,0.515,17.3,22.8,0.759,12.2,41.1,14.5,5.8,4.1,10.1,16.5,70.5,21.36,9.9,71.3
2024,ACC,2,Duke,36,7,4,0.75,,117.1,98.8,18.3,27.9,58.7,0.475,8.3,22.0,0.377,0.546,14.6,20.1,0.723,10.6,36.6,15.3,6.5,3.7,9.7,15.9,66.3,20.67,8.36,67.1
2024,ACC,3,Virginia,34,5,6,0.676,,101.7,96.6,5.1,23.8,55.5,0.428,6.5,18.1,0.358,0.486,8.9,14.0,0.637,8.8,32.6,15.0,7.0,5.0,8.1,13.5,59.8,10.45,7.31,61.2
2024,ACC,4,Pitt,33,7,4,0.667,,112.9,101.0,11.9,26.5,60.6,0.437,9.6,26.9,0.357,0.516,13.1,18.5,0.708,11.4,37.1,13.7,6.3,4.5,9.0,15.5,67.6,14.89,6.92,67.0
2024,ACC,5,Clemson,36,6,6,0.667,,113.4,104.3,9.0,27.5,58.8,0.469,8.2,23.4,0.351,0.539,14.1,18.1,0.78,9.1,36.3,14.8,4.6,3.8,10.1,16.3,71.2,16.2,10.04,67.8
2024,ACC,6,Syracuse,32,4,7,0.625,,105.9,104.9,1.0,27.6,59.8,0.461,6.8,20.3,0.336,0.518,14.3,19.8,0.721,8.7,33.3,13.8,9.1,4.0,11.4,15.4,75.6,8.53,9.4,72.1
2024,ACC,7,Wake Forest,35,2,9,0.6,,112.6,101.9,10.7,27.7,58.3,0.474,7.9,21.8,0.364,0.542,14.8,18.7,0.795,8.5,34.2,12.3,5.9,4.1,10.7,15.5,70.7,14.94,7.52,68.8
2024,ACC,8,Florida State,33,4,7,0.515,,105.7,105.3,0.3,27.4,60.5,0.453,6.1,19.1,0.317,0.503,15.8,22.3,0.707,10.2,33.3,12.3,9.2,4.3,11.9,19.7,76.3,9.52,9.27,72.2
2024,ACC,9,Virginia Tech,34,2,10,0.559,,110.0,104.2,5.8,26.1,56.0,0.465,8.1,23.3,0.348,0.538,14.7,18.5,0.793,7.7,32.4,15.1,5.3,2.4,11.1,15.9,71.0,11.91,7.97,68.1
2024,ACC,10,NC State,41,4,7,0.634,,109.1,103.5,5.6,27.2,60.6,0.45,7.0,20.2,0.345,0.507,14.2,19.4,0.733,10.1,35.3,13.1,7.2,3.6,9.6,16.2,71.8,12.81,8.93,68.5
2024,ACC,11,Boston College,36,7,7,0.556,,108.7,105.5,3.3,27.3,59.9,0.456,8.3,22.9,0.362,0.525,11.2,15.0,0.75,9.4,35.3,14.1,5.9,3.4,10.4,15.7,71.9,9.48,7.25,67.7
2024,ACC,12,Georgia Tech,32,4,9,0.438,,102.5,108.6,-6.1,25.3,60.1,0.421,7.9,24.4,0.326,0.487,12.4,17.5,0.709,11.5,38.1,13.3,4.4,4.0,12.3,16.5,75.2,4.6,8.82,68.2
2024,ACC,13,Notre Dame,33,2,10,0.394,,97.6,102.4,-4.8,22.5,55.3,0.407,7.6,23.9,0.318,0.476,11.5,15.4,0.744,9.8,35.9,10.2,5.7,2.4,12.5,15.1,67.2,4.94,8.06,64.8
2024,ACC,14,Miami (FL),32,2,9,0.469,,107.9,104.9,3.0,27.8,61.3,0.454,8.9,24.8,0.361,0.527,11.3,15.1,0.745,10.1,36.7,14.2,7.2,3.1,12.1,13.1,73.6,9.59,7.46,69.9
2024,ACC,15,Louisville,32,1,10,0.25,,101.8,111.8,-10.0,25.0,57.3,0.436,5.5,17.8,0.306,0.484,16.6,22.3,0.746,9.9,34.4,11.1,5.4,2.6,12.8,17.0,79.1,0.45,7.51,70.4
2025,ACC,1,Duke,39,10,1,0.897,,125.0,94.3,30.7,28.9,58.7,0.493,10.1,26.2,0.386,0.579,15.2,19.3,0.79,10.6,38.2,17.0,6.7,3.9,9.3,15.8,62.8,30.72,10.26,66.6
2025,ACC,2,Clemson,34,9,3,0.794,,114.4,98.9,15.5,27.4,59.2,0.462,8.5,23.0,0.369,0.534,12.9,16.8,0.768,11.3,35.4,14.2,7.4,3.5,10.5,15.2,65.8,17.81,7.51,65.0
2025,ACC,3,Louisville,35,9,2,0.771,,113.3,100.3,13.0,27.1,59.7,0.454,9.4,28.5,0.328,0.532,15.0,20.1,0.746,11.1,37.3,13.9,6.4,2.9,11.3,15.6,69.5,18.49,9.49,69.0
2025,ACC,4,Wake Forest,32,6,6,0.656,,103.4,100.2,3.2,24.7,55.7,0.443,5.6,19.6,0.285,0.494,15.2,20.1,0.756,8.9,33.2,11.3,7.2,3.9,11.3,16.5,68.0,9.63,7.47,67.9
2025,ACC,5,UNC,37,6,6,0.622,,113.4,104.9,8.5,28.6,60.3,0.475,8.0,22.4,0.356,0.541,15.5,20.9,0.741,9.8,36.7,14.8,6.0,3.6,10.7,16.9,74.7,17.27,11.22,70.7
2025,ACC,6,SMU,35,7,4,0.686,,115.3,102.8,12.4,28.3,59.1,0.478,7.9,20.8,0.378,0.545,15.5,21.7,0.714,12.5,38.4,15.9,8.1,3.7,11.9,16.8,71.3,14.35,5.72,69.3
2025,ACC,7,Stanford,35,3,8,0.6,,109.4,105.4,4.0,25.6,58.8,0.435,8.4,24.5,0.342,0.507,13.9,17.6,0.789,10.7,34.2,13.8,6.8,3.7,10.5,17.1,70.7,8.78,6.07,67.1
2025,ACC,8,Georgia Tech,34,2,9,0.5,,104.4,103.8,0.6,26.4,60.1,0.439,7.6,22.1,0.343,0.502,12.7,18.4,0.687,10.9,37.1,14.8,5.9,3.7,12.2,15.8,72.7,6.3,5.89,69.0
2025,ACC,9,Florida State,32,2,9,0.531,,105.6,102.8,2.8,26.1,57.4,0.454,6.1,19.3,0.317,0.507,16.2,22.6,0.717,10.2,34.6,13.0,7.6,4.8,12.3,19.1,72.5,8.43,6.43,70.2
2025,ACC,10,Virginia Tech,32,5,5,0.406,,103.5,109.4,-6.0,24.5,55.6,0.442,7.9,22.5,0.35,0.512,12.2,17.1,0.714,10.2,33.3,12.6,5.4,1.9,13.4,17.0,73.2,2.62,6.62,66.1
2025,ACC,11,Virginia,32,4,7,0.469,,105.1,108.4,-3.2,23.1,51.8,0.446,8.3,22.2,0.375,0.527,10.3,13.7,0.753,6.8,29.3,14.7,5.5,3.8,10.1,15.3,66.8,5.71,7.71,61.6
2025,ACC,12,Notre Dame,33,3,9,0.455,,108.2,108.0,0.2,25.8,57.2,0.451,7.6,21.5,0.355,0.517,13.5,18.2,0.74,10.0,35.1,11.4,5.6,1.8,11.1,15.7,72.5,7.07,6.92,65.4
2025,ACC,13,Pitt,32,3,9,0.531,,112.6,105.2,7.5,26.1,57.8,0.451,8.3,23.9,0.346,0.522,15.5,19.8,0.782,9.8,33.4,13.4,7.3,4.1,10.0,16.4,70.8,13.27,8.24,66.8
2025,ACC,14,Syracuse,33,2,9,0.424,,106.3,110.7,-4.4,27.2,59.5,0.457,6.4,19.5,0.328,0.51,13.9,19.7,0.705,11.0,37.1,13.6,4.9,2.5,12.6,16.4,77.8,4.95,8.04,68.7
2025,ACC,15,California,33,2,11,0.424,,108.1,109.9,-1.7,25.4,60.7,0.419,7.2,22.9,0.315,0.478,17.6,23.6,0.746,13.4,37.5,10.5,6.3,3.7,11.6,16.5,76.8,5.48,6.69,67.8
2025,ACC,16,NC State,31,0,11,0.387,,105.4,106.6,-1.2,24.6,58.0,0.425,6.7,21.0,0.322,0.483,13.6,18.7,0.726,10.3,32.0,12.7,6.5,3.8,9.5,16.6,70.4,5.56,6.36,65.8
2025,ACC,17,Boston College,31,0,10,0.387,,102.4,110.3,-7.8,25.3,58.4,0.432,6.6,19.3,0.345,0.489,13.2,18.4,0.719,10.3,34.4,11.5,5.2,3.9,11.9,18.4,75.8,-0.25,5.14,66.8
2025,ACC,18,Miami (FL),31,0,10,0.226,,108.6,118.3,-9.8,27.4,59.6,0.459,7.2,23.0,0.313,0.519,12.0,15.7,0.764,9.5,31.5,12.9,6.4,3.4,10.9,14.4,80.6,0.38,7.03,67.6
